img,class,cls_conf,obj_conf,xmin,xmax,ymin,ymax
01465f8f61db58564cd37ce2dfc519c5#201106090830_0_frame15.txt,5,,,467,557,210,300
01465f8f61db58564cd37ce2dfc519c5#201106090830_0_frame155.txt,5,,,376,428,58,125
01465f8f61db58564cd37ce2dfc519c5#201106090830_0_frame162.txt,5,,,387,439,86,147
01465f8f61db58564cd37ce2dfc519c5#201106090830_0_frame164.txt,5,,,387,439,86,147
01465f8f61db58564cd37ce2dfc519c5#201106090830_0_frame166.txt,5,,,388,446,94,157
01465f8f61db58564cd37ce2dfc519c5#201106090830_0_frame167.txt,5,,,388,446,94,157
01465f8f61db58564cd37ce2dfc519c5#201106090830_0_frame19.txt,5,,,491,554,216,297
01465f8f61db58564cd37ce2dfc519c5#201106090830_0_frame200.txt,5,,,436,492,155,193
01465f8f61db58564cd37ce2dfc519c5#201106090830_0_frame200.txt,5,,,509,555,121,154
01465f8f61db58564cd37ce2dfc519c5#201106090830_0_frame201.txt,5,,,440,496,150,188
01465f8f61db58564cd37ce2dfc519c5#201106090830_0_frame201.txt,5,,,493,539,128,166
01465f8f61db58564cd37ce2dfc519c5#201106090830_0_frame203.txt,5,,,440,496,150,188
01465f8f61db58564cd37ce2dfc519c5#201106090830_0_frame203.txt,5,,,493,539,128,166
01465f8f61db58564cd37ce2dfc519c5#201106090830_0_frame334.txt,5,,,491,597,282,362
01465f8f61db58564cd37ce2dfc519c5#201106090830_0_frame337.txt,5,,,486,576,284,364
01465f8f61db58564cd37ce2dfc519c5#201106090830_0_frame339.txt,5,,,485,564,281,361
01465f8f61db58564cd37ce2dfc519c5#201106090830_0_frame440.txt,5,,,510,626,327,429
01465f8f61db58564cd37ce2dfc519c5#201106090830_0_frame440.txt,5,,,416,450,132,170
01465f8f61db58564cd37ce2dfc519c5#201106090830_0_frame441.txt,5,,,512,628,330,432
01465f8f61db58564cd37ce2dfc519c5#201106090830_0_frame450.txt,5,,,571,633,175,214
01465f8f61db58564cd37ce2dfc519c5#201106090830_0_frame452.txt,5,,,571,633,175,214
01465f8f61db58564cd37ce2dfc519c5#201106090830_0_frame453.txt,5,,,557,619,171,210
01465f8f61db58564cd37ce2dfc519c5#201106090830_0_frame680.txt,5,,,512,592,220,311
01465f8f61db58564cd37ce2dfc519c5#201106090830_0_frame681.txt,5,,,512,592,212,303
01465f8f61db58564cd37ce2dfc519c5#201106090830_0_frame682.txt,5,,,512,592,212,303
01465f8f61db58564cd37ce2dfc519c5#201106090830_0_frame684.txt,5,,,499,597,199,290
01465f8f61db58564cd37ce2dfc519c5#201106090830_0_frame685.txt,5,,,499,597,199,290
01465f8f61db58564cd37ce2dfc519c5#201106090830_0_frame691.txt,5,,,505,609,179,269
01465f8f61db58564cd37ce2dfc519c5#201106090830_0_frame712.txt,5,,,508,636,155,246
01465f8f61db58564cd37ce2dfc519c5#201106090830_0_frame712.txt,5,,,397,447,106,143
01465f8f61db58564cd37ce2dfc519c5#201106090830_0_frame712.txt,5,,,363,415,78,114
01465f8f61db58564cd37ce2dfc519c5#201106090830_0_frame714.txt,5,,,511,635,155,246
01465f8f61db58564cd37ce2dfc519c5#201106090830_0_frame714.txt,5,,,407,457,101,137
01465f8f61db58564cd37ce2dfc519c5#201106090830_0_frame714.txt,5,,,372,424,67,103
01465f8f61db58564cd37ce2dfc519c5#201106090830_0_frame715.txt,5,,,511,635,155,246
01465f8f61db58564cd37ce2dfc519c5#201106090830_0_frame715.txt,5,,,407,457,101,137
01465f8f61db58564cd37ce2dfc519c5#201106090830_0_frame715.txt,5,,,372,424,67,103
01465f8f61db58564cd37ce2dfc519c5#201106090830_0_frame747.txt,5,,,470,507,124,176
01465f8f61db58564cd37ce2dfc519c5#201106090830_0_frame753.txt,5,,,477,519,149,203
01465f8f61db58564cd37ce2dfc519c5#201106090830_0_frame754.txt,5,,,477,519,149,203
01465f8f61db58564cd37ce2dfc519c5#201106090830_0_frame759.txt,5,,,382,512,369,480
01465f8f61db58564cd37ce2dfc519c5#201106090830_0_frame759.txt,5,,,489,543,165,213
01465f8f61db58564cd37ce2dfc519c5#201106090830_0_frame761.txt,5,,,382,512,369,480
01465f8f61db58564cd37ce2dfc519c5#201106090830_0_frame761.txt,5,,,489,543,165,213
01465f8f61db58564cd37ce2dfc519c5#201106090830_0_frame769.txt,5,,,352,533,329,476
01465f8f61db58564cd37ce2dfc519c5#201106090830_0_frame769.txt,5,,,511,571,184,230
01465f8f61db58564cd37ce2dfc519c5#201106090830_0_frame769.txt,5,,,542,582,76,122
01465f8f61db58564cd37ce2dfc519c5#201106090830_0_frame771.txt,5,,,343,537,323,478
01465f8f61db58564cd37ce2dfc519c5#201106090830_0_frame771.txt,5,,,516,570,188,233
01465f8f61db58564cd37ce2dfc519c5#201106090830_0_frame771.txt,5,,,538,578,85,131
01465f8f61db58564cd37ce2dfc519c5#201106090830_0_frame778.txt,5,,,325,519,315,477
07baf895b711927a078c12eb6deb88b0#201011270630_0_frame100.txt,8,,,160,256,116,210
07baf895b711927a078c12eb6deb88b0#201011270630_0_frame100.txt,8,,,362,414,14,59
07baf895b711927a078c12eb6deb88b0#201011270630_0_frame100.txt,2,,,586,632,33,81
07baf895b711927a078c12eb6deb88b0#201011270630_0_frame100.txt,8,,,560,612,100,154
07baf895b711927a078c12eb6deb88b0#201011270630_0_frame102.txt,8,,,161,247,134,210
07baf895b711927a078c12eb6deb88b0#201011270630_0_frame102.txt,8,,,372,412,16,52
07baf895b711927a078c12eb6deb88b0#201011270630_0_frame102.txt,2,,,593,639,16,64
07baf895b711927a078c12eb6deb88b0#201011270630_0_frame102.txt,8,,,570,616,101,152
07baf895b711927a078c12eb6deb88b0#201011270630_0_frame107.txt,8,,,390,428,-3,27
07baf895b711927a078c12eb6deb88b0#201011270630_0_frame107.txt,8,,,566,618,96,144
07baf895b711927a078c12eb6deb88b0#201011270630_0_frame12.txt,2,,,420,470,124,172
07baf895b711927a078c12eb6deb88b0#201011270630_0_frame12.txt,8,,,484,544,163,203
07baf895b711927a078c12eb6deb88b0#201011270630_0_frame128.txt,5,,,158,220,156,242
07baf895b711927a078c12eb6deb88b0#201011270630_0_frame135.txt,5,,,294,334,32,71
07baf895b711927a078c12eb6deb88b0#201011270630_0_frame135.txt,2,,,448,488,2,65
07baf895b711927a078c12eb6deb88b0#201011270630_0_frame136.txt,5,,,278,318,42,80
07baf895b711927a078c12eb6deb88b0#201011270630_0_frame136.txt,2,,,430,488,2,65
07baf895b711927a078c12eb6deb88b0#201011270630_0_frame14.txt,2,,,428,478,117,165
07baf895b711927a078c12eb6deb88b0#201011270630_0_frame14.txt,8,,,484,544,162,200
07baf895b711927a078c12eb6deb88b0#201011270630_0_frame144.txt,5,,,236,298,65,133
07baf895b711927a078c12eb6deb88b0#201011270630_0_frame144.txt,5,,,506,640,142,280
07baf895b711927a078c12eb6deb88b0#201011270630_0_frame145.txt,5,,,230,274,60,128
07baf895b711927a078c12eb6deb88b0#201011270630_0_frame149.txt,5,,,257,327,14,71
07baf895b711927a078c12eb6deb88b0#201011270630_0_frame150.txt,5,,,267,337,14,71
07baf895b711927a078c12eb6deb88b0#201011270630_0_frame151.txt,5,,,288,358,8,65
07baf895b711927a078c12eb6deb88b0#201011270630_0_frame151.txt,2,,,458,512,161,200
07baf895b711927a078c12eb6deb88b0#201011270630_0_frame153.txt,5,,,318,388,0,42
07baf895b711927a078c12eb6deb88b0#201011270630_0_frame153.txt,2,,,481,535,155,194
07baf895b711927a078c12eb6deb88b0#201011270630_0_frame158.txt,2,,,540,584,140,180
07baf895b711927a078c12eb6deb88b0#201011270630_0_frame159.txt,2,,,544,588,139,179
07baf895b711927a078c12eb6deb88b0#201011270630_0_frame16.txt,2,,,431,481,114,162
07baf895b711927a078c12eb6deb88b0#201011270630_0_frame16.txt,8,,,484,544,161,199
07baf895b711927a078c12eb6deb88b0#201011270630_0_frame160.txt,2,,,560,604,133,173
07baf895b711927a078c12eb6deb88b0#201011270630_0_frame161.txt,2,,,580,620,127,167
07baf895b711927a078c12eb6deb88b0#201011270630_0_frame162.txt,2,,,584,624,125,164
07baf895b711927a078c12eb6deb88b0#201011270630_0_frame163.txt,2,,,588,628,122,162
07baf895b711927a078c12eb6deb88b0#201011270630_0_frame163.txt,5,,,606,640,60,96
07baf895b711927a078c12eb6deb88b0#201011270630_0_frame180.txt,2,,,485,519,101,145
07baf895b711927a078c12eb6deb88b0#201011270630_0_frame181.txt,2,,,474,518,102,146
07baf895b711927a078c12eb6deb88b0#201011270630_0_frame183.txt,2,,,466,510,104,149
07baf895b711927a078c12eb6deb88b0#201011270630_0_frame184.txt,2,,,466,510,104,149
07baf895b711927a078c12eb6deb88b0#201011270630_0_frame184.txt,5,,,585,639,9,93
07baf895b711927a078c12eb6deb88b0#201011270630_0_frame187.txt,2,,,452,512,105,153
07baf895b711927a078c12eb6deb88b0#201011270630_0_frame187.txt,5,,,585,639,1,71
07baf895b711927a078c12eb6deb88b0#201011270630_0_frame20.txt,8,,,373,423,38,107
07baf895b711927a078c12eb6deb88b0#201011270630_0_frame20.txt,2,,,467,517,114,162
07baf895b711927a078c12eb6deb88b0#201011270630_0_frame20.txt,8,,,490,550,156,194
07baf895b711927a078c12eb6deb88b0#201011270630_0_frame21.txt,8,,,367,417,44,113
07baf895b711927a078c12eb6deb88b0#201011270630_0_frame21.txt,2,,,467,517,114,162
07baf895b711927a078c12eb6deb88b0#201011270630_0_frame21.txt,8,,,490,550,156,194
07baf895b711927a078c12eb6deb88b0#201011270630_0_frame211.txt,5,,,397,475,14,71
07baf895b711927a078c12eb6deb88b0#201011270630_0_frame215.txt,5,,,412,476,0,48
07baf895b711927a078c12eb6deb88b0#201011270630_0_frame217.txt,5,,,408,472,0,44
07baf895b711927a078c12eb6deb88b0#201011270630_0_frame219.txt,5,,,409,467,1,41
07baf895b711927a078c12eb6deb88b0#201011270630_0_frame223.txt,5,,,320,400,1,65
07baf895b711927a078c12eb6deb88b0#201011270630_0_frame224.txt,5,,,272,356,38,119
07baf895b711927a078c12eb6deb88b0#201011270630_0_frame23.txt,8,,,354,394,52,112
07baf895b711927a078c12eb6deb88b0#201011270630_0_frame23.txt,2,,,494,542,127,167
07baf895b711927a078c12eb6deb88b0#201011270630_0_frame23.txt,8,,,492,552,149,187
07baf895b711927a078c12eb6deb88b0#201011270630_0_frame24.txt,5,,,353,403,40,100
07baf895b711927a078c12eb6deb88b0#201011270630_0_frame24.txt,2,,,500,548,127,167
07baf895b711927a078c12eb6deb88b0#201011270630_0_frame247.txt,5,,,176,232,107,151
07baf895b711927a078c12eb6deb88b0#201011270630_0_frame248.txt,5,,,188,244,98,143
07baf895b711927a078c12eb6deb88b0#201011270630_0_frame253.txt,5,,,202,248,69,117
07baf895b711927a078c12eb6deb88b0#201011270630_0_frame255.txt,5,,,190,250,62,114
07baf895b711927a078c12eb6deb88b0#201011270630_0_frame256.txt,5,,,202,274,59,110
07baf895b711927a078c12eb6deb88b0#201011270630_0_frame258.txt,5,,,238,310,68,120
07baf895b711927a078c12eb6deb88b0#201011270630_0_frame26.txt,5,,,354,430,6,66
07baf895b711927a078c12eb6deb88b0#201011270630_0_frame26.txt,2,,,532,580,113,152
07baf895b711927a078c12eb6deb88b0#201011270630_0_frame261.txt,5,,,306,360,76,136
07baf895b711927a078c12eb6deb88b0#201011270630_0_frame263.txt,5,,,335,377,67,119
07baf895b711927a078c12eb6deb88b0#201011270630_0_frame267.txt,5,,,342,384,55,107
07baf895b711927a078c12eb6deb88b0#201011270630_0_frame270.txt,5,,,328,392,62,114
07baf895b711927a078c12eb6deb88b0#201011270630_0_frame272.txt,5,,,332,396,62,114
07baf895b711927a078c12eb6deb88b0#201011270630_0_frame283.txt,5,,,298,354,92,138
07baf895b711927a078c12eb6deb88b0#201011270630_0_frame283.txt,5,,,64,152,137,223
07baf895b711927a078c12eb6deb88b0#201011270630_0_frame288.txt,5,,,284,330,133,179
07baf895b711927a078c12eb6deb88b0#201011270630_0_frame288.txt,5,,,64,138,120,198
07baf895b711927a078c12eb6deb88b0#201011270630_0_frame29.txt,8,,,392,468,-6,30
07baf895b711927a078c12eb6deb88b0#201011270630_0_frame29.txt,8,,,526,570,134,173
07baf895b711927a078c12eb6deb88b0#201011270630_0_frame29.txt,2,,,564,620,115,155
07baf895b711927a078c12eb6deb88b0#201011270630_0_frame30.txt,8,,,526,570,134,173
07baf895b711927a078c12eb6deb88b0#201011270630_0_frame30.txt,2,,,564,620,115,155
07baf895b711927a078c12eb6deb88b0#201011270630_0_frame38.txt,2,,,604,642,93,135
07baf895b711927a078c12eb6deb88b0#201011270630_0_frame4.txt,2,,,404,462,152,204
07baf895b711927a078c12eb6deb88b0#201011270630_0_frame41.txt,2,,,606,644,84,126
07baf895b711927a078c12eb6deb88b0#201011270630_0_frame41.txt,8,,,542,588,124,160
07baf895b711927a078c12eb6deb88b0#201011270630_0_frame44.txt,8,,,550,596,120,156
07baf895b711927a078c12eb6deb88b0#201011270630_0_frame53.txt,8,,,548,588,128,162
07baf895b711927a078c12eb6deb88b0#201011270630_0_frame56.txt,8,,,548,588,128,162
07baf895b711927a078c12eb6deb88b0#201011270630_0_frame56.txt,2,,,546,606,62,119
07baf895b711927a078c12eb6deb88b0#201011270630_0_frame64.txt,2,,,503,541,34,100
07baf895b711927a078c12eb6deb88b0#201011270630_0_frame64.txt,8,,,549,595,128,162
07baf895b711927a078c12eb6deb88b0#201011270630_0_frame65.txt,2,,,494,532,45,111
07baf895b711927a078c12eb6deb88b0#201011270630_0_frame65.txt,8,,,549,595,127,161
07baf895b711927a078c12eb6deb88b0#201011270630_0_frame7.txt,2,,,414,464,136,184
07baf895b711927a078c12eb6deb88b0#201011270630_0_frame70.txt,2,,,422,474,60,134
07baf895b711927a078c12eb6deb88b0#201011270630_0_frame72.txt,2,,,389,495,48,132
07baf895b711927a078c12eb6deb88b0#201011270630_0_frame77.txt,2,,,408,518,39,123
07baf895b711927a078c12eb6deb88b0#201011270630_0_frame78.txt,2,,,414,514,38,120
07baf895b711927a078c12eb6deb88b0#201011270630_0_frame86.txt,2,,,497,519,56,119
07baf895b711927a078c12eb6deb88b0#201011270630_0_frame90.txt,2,,,516,552,41,103
07baf895b711927a078c12eb6deb88b0#201011270630_0_frame90.txt,8,,,554,614,120,156
07baf895b711927a078c12eb6deb88b0#201011270630_0_frame90.txt,8,,,425,459,23,55
07baf895b711927a078c12eb6deb88b0#201011270630_0_frame99.txt,8,,,160,256,116,210
07baf895b711927a078c12eb6deb88b0#201011270630_0_frame99.txt,8,,,354,406,14,59
07baf895b711927a078c12eb6deb88b0#201011270630_0_frame99.txt,2,,,568,624,39,87
07baf895b711927a078c12eb6deb88b0#201011270630_0_frame99.txt,8,,,560,612,100,154
07baf895b711927a078c12eb6deb88b0#201011270630_frame10.txt,2,,,424,468,126,170
07baf895b711927a078c12eb6deb88b0#201011270630_frame100.txt,8,,,360,416,16,58
07baf895b711927a078c12eb6deb88b0#201011270630_frame100.txt,8,,,162,248,121,203
07baf895b711927a078c12eb6deb88b0#201011270630_frame100.txt,8,,,558,612,102,156
07baf895b711927a078c12eb6deb88b0#201011270630_frame100.txt,2,,,578,632,30,78
07baf895b711927a078c12eb6deb88b0#201011270630_frame13.txt,2,,,424,468,122,167
07baf895b711927a078c12eb6deb88b0#201011270630_frame135.txt,2,,,451,493,2,66
07baf895b711927a078c12eb6deb88b0#201011270630_frame135.txt,5,,,298,338,35,68
07baf895b711927a078c12eb6deb88b0#201011270630_frame136.txt,2,,,428,490,2,66
07baf895b711927a078c12eb6deb88b0#201011270630_frame136.txt,5,,,276,318,43,83
07baf895b711927a078c12eb6deb88b0#201011270630_frame14.txt,2,,,428,472,121,161
07baf895b711927a078c12eb6deb88b0#201011270630_frame140.txt,9,,,157,235,29,98
07baf895b711927a078c12eb6deb88b0#201011270630_frame141.txt,9,,,190,268,31,101
07baf895b711927a078c12eb6deb88b0#201011270630_frame141.txt,8,,,279,329,62,132
07baf895b711927a078c12eb6deb88b0#201011270630_frame143.txt,9,,,340,404,41,110
07baf895b711927a078c12eb6deb88b0#201011270630_frame143.txt,8,,,240,312,73,131
07baf895b711927a078c12eb6deb88b0#201011270630_frame143.txt,8,,,506,638,150,288
07baf895b711927a078c12eb6deb88b0#201011270630_frame144.txt,8,,,234,298,68,126
07baf895b711927a078c12eb6deb88b0#201011270630_frame144.txt,9,,,374,414,40,106
07baf895b711927a078c12eb6deb88b0#201011270630_frame144.txt,8,,,506,638,138,276
07baf895b711927a078c12eb6deb88b0#201011270630_frame145.txt,5,,,226,290,65,122
07baf895b711927a078c12eb6deb88b0#201011270630_frame146.txt,5,,,235,277,49,107
07baf895b711927a078c12eb6deb88b0#201011270630_frame15.txt,2,,,432,476,121,161
07baf895b711927a078c12eb6deb88b0#201011270630_frame152.txt,5,,,312,378,1,47
07baf895b711927a078c12eb6deb88b0#201011270630_frame152.txt,2,,,473,531,159,195
07baf895b711927a078c12eb6deb88b0#201011270630_frame155.txt,2,,,509,555,150,186
07baf895b711927a078c12eb6deb88b0#201011270630_frame156.txt,2,,,515,561,150,186
07baf895b711927a078c12eb6deb88b0#201011270630_frame159.txt,2,,,552,586,141,177
07baf895b711927a078c12eb6deb88b0#201011270630_frame16.txt,2,,,436,480,119,158
07baf895b711927a078c12eb6deb88b0#201011270630_frame182.txt,2,,,474,514,104,149
07baf895b711927a078c12eb6deb88b0#201011270630_frame185.txt,2,,,454,510,104,149
07baf895b711927a078c12eb6deb88b0#201011270630_frame20.txt,5,,,374,422,40,106
07baf895b711927a078c12eb6deb88b0#201011270630_frame20.txt,2,,,470,514,116,156
07baf895b711927a078c12eb6deb88b0#201011270630_frame215.txt,5,,,416,470,0,50
07baf895b711927a078c12eb6deb88b0#201011270630_frame217.txt,5,,,415,469,0,44
07baf895b711927a078c12eb6deb88b0#201011270630_frame219.txt,5,,,405,467,0,38
07baf895b711927a078c12eb6deb88b0#201011270630_frame223.txt,5,,,323,401,3,63
07baf895b711927a078c12eb6deb88b0#201011270630_frame24.txt,5,,,351,405,42,102
07baf895b711927a078c12eb6deb88b0#201011270630_frame24.txt,2,,,504,548,126,162
07baf895b711927a078c12eb6deb88b0#201011270630_frame251.txt,5,,,212,252,78,128
07baf895b711927a078c12eb6deb88b0#201011270630_frame257.txt,5,,,228,296,65,115
07baf895b711927a078c12eb6deb88b0#201011270630_frame258.txt,5,,,236,308,68,126
07baf895b711927a078c12eb6deb88b0#201011270630_frame261.txt,5,,,306,358,78,138
07baf895b711927a078c12eb6deb88b0#201011270630_frame267.txt,5,,,342,382,54,104
07baf895b711927a078c12eb6deb88b0#201011270630_frame269.txt,5,,,338,390,59,109
07baf895b711927a078c12eb6deb88b0#201011270630_frame270.txt,5,,,331,393,58,112
07baf895b711927a078c12eb6deb88b0#201011270630_frame273.txt,5,,,330,400,59,115
07baf895b711927a078c12eb6deb88b0#201011270630_frame276.txt,5,,,320,384,59,115
07baf895b711927a078c12eb6deb88b0#201011270630_frame278.txt,5,,,308,372,65,121
07baf895b711927a078c12eb6deb88b0#201011270630_frame282.txt,5,,,300,358,82,130
07baf895b711927a078c12eb6deb88b0#201011270630_frame285.txt,5,,,293,351,102,150
07baf895b711927a078c12eb6deb88b0#201011270630_frame29.txt,5,,,392,454,0,18
07baf895b711927a078c12eb6deb88b0#201011270630_frame29.txt,2,,,558,614,114,162
07baf895b711927a078c12eb6deb88b0#201011270630_frame30.txt,2,,,569,615,114,162
07baf895b711927a078c12eb6deb88b0#201011270630_frame31.txt,2,,,572,624,114,156
07baf895b711927a078c12eb6deb88b0#201011270630_frame32.txt,2,,,578,630,112,154
07baf895b711927a078c12eb6deb88b0#201011270630_frame37.txt,5,,,538,586,120,164
07baf895b711927a078c12eb6deb88b0#201011270630_frame37.txt,2,,,600,638,100,142
07baf895b711927a078c12eb6deb88b0#201011270630_frame38.txt,5,,,538,586,122,167
07baf895b711927a078c12eb6deb88b0#201011270630_frame38.txt,2,,,600,638,96,138
07baf895b711927a078c12eb6deb88b0#201011270630_frame39.txt,5,,,538,586,120,164
07baf895b711927a078c12eb6deb88b0#201011270630_frame39.txt,2,,,600,638,93,135
07baf895b711927a078c12eb6deb88b0#201011270630_frame4.txt,2,,,414,458,157,191
07baf895b711927a078c12eb6deb88b0#201011270630_frame40.txt,5,,,540,588,116,161
07baf895b711927a078c12eb6deb88b0#201011270630_frame40.txt,2,,,600,638,84,126
07baf895b711927a078c12eb6deb88b0#201011270630_frame44.txt,5,,,546,594,116,161
07baf895b711927a078c12eb6deb88b0#201011270630_frame45.txt,5,,,550,596,119,158
07baf895b711927a078c12eb6deb88b0#201011270630_frame46.txt,5,,,550,596,121,161
07baf895b711927a078c12eb6deb88b0#201011270630_frame48.txt,5,,,549,595,125,164
07baf895b711927a078c12eb6deb88b0#201011270630_frame5.txt,2,,,418,462,143,193
07baf895b711927a078c12eb6deb88b0#201011270630_frame50.txt,5,,,552,592,125,164
07baf895b711927a078c12eb6deb88b0#201011270630_frame50.txt,2,,,569,627,48,116
07baf895b711927a078c12eb6deb88b0#201011270630_frame51.txt,5,,,552,592,125,164
07baf895b711927a078c12eb6deb88b0#201011270630_frame51.txt,2,,,569,627,52,112
07baf895b711927a078c12eb6deb88b0#201011270630_frame56.txt,2,,,540,608,57,123
07baf895b711927a078c12eb6deb88b0#201011270630_frame56.txt,5,,,550,590,127,167
07baf895b711927a078c12eb6deb88b0#201011270630_frame57.txt,2,,,544,600,56,114
07baf895b711927a078c12eb6deb88b0#201011270630_frame57.txt,5,,,546,586,127,167
07baf895b711927a078c12eb6deb88b0#201011270630_frame58.txt,2,,,546,590,49,107
07baf895b711927a078c12eb6deb88b0#201011270630_frame58.txt,5,,,548,588,127,167
07baf895b711927a078c12eb6deb88b0#201011270630_frame63.txt,2,,,506,558,33,99
07baf895b711927a078c12eb6deb88b0#201011270630_frame63.txt,5,,,550,590,125,164
07baf895b711927a078c12eb6deb88b0#201011270630_frame66.txt,2,,,484,520,47,110
07baf895b711927a078c12eb6deb88b0#201011270630_frame68.txt,2,,,446,482,62,126
07baf895b711927a078c12eb6deb88b0#201011270630_frame73.txt,2,,,392,498,43,119
07baf895b711927a078c12eb6deb88b0#201011270630_frame76.txt,2,,,404,512,40,118
07baf895b711927a078c12eb6deb88b0#201011270630_frame77.txt,2,,,408,512,40,118
07baf895b711927a078c12eb6deb88b0#201011270630_frame78.txt,2,,,418,512,40,118
07baf895b711927a078c12eb6deb88b0#201011270630_frame8.txt,2,,,422,466,132,176
07baf895b711927a078c12eb6deb88b0#201011270630_frame83.txt,2,,,484,512,59,115
07baf895b711927a078c12eb6deb88b0#201011270630_frame9.txt,2,,,422,466,128,173
07baf895b711927a078c12eb6deb88b0#201011270630_frame93.txt,5,,,384,416,19,59
07baf895b711927a078c12eb6deb88b0#201011270630_frame93.txt,5,,,165,239,131,229
07baf895b711927a078c12eb6deb88b0#201011270630_frame95.txt,5,,,168,248,116,198
07baf895b711927a078c12eb6deb88b0#201011270630_frame98.txt,5,,,164,250,115,197
1bff883d55ca0bbb67351f8169f76914#201011150930_0_frame100.txt,5,,,292,332,128,180
1bff883d55ca0bbb67351f8169f76914#201011150930_0_frame105.txt,5,,,125,175,93,141
1bff883d55ca0bbb67351f8169f76914#201011150930_0_frame105.txt,5,,,192,228,143,182
1bff883d55ca0bbb67351f8169f76914#201011150930_0_frame105.txt,5,,,300,336,143,187
1bff883d55ca0bbb67351f8169f76914#201011150930_0_frame106.txt,5,,,196,228,139,179
1bff883d55ca0bbb67351f8169f76914#201011150930_0_frame106.txt,5,,,295,337,142,202
1bff883d55ca0bbb67351f8169f76914#201011150930_0_frame109.txt,5,,,286,348,146,203
1bff883d55ca0bbb67351f8169f76914#201011150930_0_frame109.txt,5,,,180,214,139,179
1bff883d55ca0bbb67351f8169f76914#201011150930_0_frame109.txt,5,,,140,168,116,168
1bff883d55ca0bbb67351f8169f76914#201011150930_0_frame110.txt,5,,,285,347,146,203
1bff883d55ca0bbb67351f8169f76914#201011150930_0_frame120.txt,5,,,110,186,78,146
1bff883d55ca0bbb67351f8169f76914#201011150930_0_frame13.txt,8,,,297,347,160,214
1bff883d55ca0bbb67351f8169f76914#201011150930_0_frame13.txt,8,,,354,414,146,197
1bff883d55ca0bbb67351f8169f76914#201011150930_0_frame13.txt,8,,,482,596,311,368
1bff883d55ca0bbb67351f8169f76914#201011150930_0_frame130.txt,5,,,312,366,158,215
1bff883d55ca0bbb67351f8169f76914#201011150930_0_frame131.txt,5,,,328,376,153,213
1bff883d55ca0bbb67351f8169f76914#201011150930_0_frame148.txt,5,,,100,194,93,177
1bff883d55ca0bbb67351f8169f76914#201011150930_0_frame16.txt,5,,,313,371,171,225
1bff883d55ca0bbb67351f8169f76914#201011150930_0_frame16.txt,5,,,266,302,174,216
1bff883d55ca0bbb67351f8169f76914#201011150930_0_frame16.txt,5,,,-1,153,267,477
1bff883d55ca0bbb67351f8169f76914#201011150930_0_frame166.txt,5,,,320,380,137,194
1bff883d55ca0bbb67351f8169f76914#201011150930_0_frame167.txt,5,,,334,394,127,185
1bff883d55ca0bbb67351f8169f76914#201011150930_0_frame168.txt,5,,,338,390,126,180
1bff883d55ca0bbb67351f8169f76914#201011150930_0_frame178.txt,5,,,577,627,3,51
1bff883d55ca0bbb67351f8169f76914#201011150930_0_frame178.txt,5,,,308,358,162,212
1bff883d55ca0bbb67351f8169f76914#201011150930_0_frame179.txt,5,,,588,630,22,70
1bff883d55ca0bbb67351f8169f76914#201011150930_0_frame179.txt,5,,,323,349,197,218
1bff883d55ca0bbb67351f8169f76914#201011150930_0_frame179.txt,5,,,340,390,163,215
1bff883d55ca0bbb67351f8169f76914#201011150930_0_frame18.txt,8,,,313,371,186,224
1bff883d55ca0bbb67351f8169f76914#201011150930_0_frame18.txt,8,,,270,306,182,216
1bff883d55ca0bbb67351f8169f76914#201011150930_0_frame18.txt,8,,,402,464,121,155
1bff883d55ca0bbb67351f8169f76914#201011150930_0_frame18.txt,8,,,3,197,202,424
1bff883d55ca0bbb67351f8169f76914#201011150930_0_frame180.txt,5,,,595,637,42,96
1bff883d55ca0bbb67351f8169f76914#201011150930_0_frame180.txt,5,,,320,346,194,216
1bff883d55ca0bbb67351f8169f76914#201011150930_0_frame180.txt,5,,,384,434,149,200
1bff883d55ca0bbb67351f8169f76914#201011150930_0_frame184.txt,5,,,10,40,27,69
1bff883d55ca0bbb67351f8169f76914#201011150930_0_frame184.txt,5,,,416,482,321,369
1bff883d55ca0bbb67351f8169f76914#201011150930_0_frame184.txt,5,,,338,388,174,218
1bff883d55ca0bbb67351f8169f76914#201011150930_0_frame184.txt,5,,,310,340,188,216
1bff883d55ca0bbb67351f8169f76914#201011150930_0_frame198.txt,0,,,543,593,2,30
1bff883d55ca0bbb67351f8169f76914#201011150930_0_frame198.txt,2,,,217,251,28,52
1bff883d55ca0bbb67351f8169f76914#201011150930_0_frame198.txt,5,,,292,316,187,221
1bff883d55ca0bbb67351f8169f76914#201011150930_0_frame207.txt,5,,,308,350,178,220
1bff883d55ca0bbb67351f8169f76914#201011150930_0_frame207.txt,5,,,458,502,98,138
1bff883d55ca0bbb67351f8169f76914#201011150930_0_frame207.txt,2,,,272,322,3,33
1bff883d55ca0bbb67351f8169f76914#201011150930_0_frame210.txt,2,,,294,344,10,40
1bff883d55ca0bbb67351f8169f76914#201011150930_0_frame215.txt,5,,,362,418,122,161
1bff883d55ca0bbb67351f8169f76914#201011150930_0_frame219.txt,5,,,339,385,59,97
1bff883d55ca0bbb67351f8169f76914#201011150930_0_frame22.txt,8,,,140,374,-48,170
1bff883d55ca0bbb67351f8169f76914#201011150930_0_frame22.txt,8,,,318,370,171,219
1bff883d55ca0bbb67351f8169f76914#201011150930_0_frame22.txt,8,,,442,486,104,138
1bff883d55ca0bbb67351f8169f76914#201011150930_0_frame220.txt,5,,,346,384,59,97
1bff883d55ca0bbb67351f8169f76914#201011150930_0_frame221.txt,5,,,354,392,52,88
1bff883d55ca0bbb67351f8169f76914#201011150930_0_frame227.txt,5,,,302,354,181,221
1bff883d55ca0bbb67351f8169f76914#201011150930_0_frame227.txt,5,,,6,80,104,155
1bff883d55ca0bbb67351f8169f76914#201011150930_0_frame228.txt,5,,,303,361,181,227
1bff883d55ca0bbb67351f8169f76914#201011150930_0_frame228.txt,5,,,6,80,102,152
1bff883d55ca0bbb67351f8169f76914#201011150930_0_frame228.txt,5,,,400,450,53,103
1bff883d55ca0bbb67351f8169f76914#201011150930_0_frame228.txt,2,,,325,371,7,41
1bff883d55ca0bbb67351f8169f76914#201011150930_0_frame229.txt,2,,,326,372,7,41
1bff883d55ca0bbb67351f8169f76914#201011150930_0_frame229.txt,5,,,412,454,61,107
1bff883d55ca0bbb67351f8169f76914#201011150930_0_frame229.txt,5,,,306,360,180,224
1bff883d55ca0bbb67351f8169f76914#201011150930_0_frame229.txt,5,,,8,82,98,149
1bff883d55ca0bbb67351f8169f76914#201011150930_0_frame230.txt,5,,,424,466,74,120
1bff883d55ca0bbb67351f8169f76914#201011150930_0_frame230.txt,2,,,339,385,7,41
1bff883d55ca0bbb67351f8169f76914#201011150930_0_frame230.txt,5,,,306,360,180,224
1bff883d55ca0bbb67351f8169f76914#201011150930_0_frame230.txt,5,,,8,82,98,149
1bff883d55ca0bbb67351f8169f76914#201011150930_0_frame232.txt,2,,,349,407,20,72
1bff883d55ca0bbb67351f8169f76914#201011150930_0_frame232.txt,5,,,444,494,78,126
1bff883d55ca0bbb67351f8169f76914#201011150930_0_frame232.txt,5,,,306,360,180,224
1bff883d55ca0bbb67351f8169f76914#201011150930_0_frame232.txt,5,,,8,78,98,149
1bff883d55ca0bbb67351f8169f76914#201011150930_0_frame238.txt,5,,,306,360,180,224
1bff883d55ca0bbb67351f8169f76914#201011150930_0_frame250.txt,5,,,318,370,110,162
1bff883d55ca0bbb67351f8169f76914#201011150930_0_frame256.txt,5,,,306,366,131,187
1bff883d55ca0bbb67351f8169f76914#201011150930_0_frame262.txt,5,,,294,364,160,220
1bff883d55ca0bbb67351f8169f76914#201011150930_0_frame273.txt,2,,,339,405,36,86
1bff883d55ca0bbb67351f8169f76914#201011150930_0_frame29.txt,8,,,438,490,90,128
1bff883d55ca0bbb67351f8169f76914#201011150930_0_frame29.txt,8,,,322,370,167,211
1bff883d55ca0bbb67351f8169f76914#201011150930_0_frame29.txt,8,,,270,308,179,218
1bff883d55ca0bbb67351f8169f76914#201011150930_0_frame30.txt,8,,,446,492,92,132
1bff883d55ca0bbb67351f8169f76914#201011150930_0_frame30.txt,8,,,313,363,171,219
1bff883d55ca0bbb67351f8169f76914#201011150930_0_frame30.txt,8,,,344,394,155,205
1bff883d55ca0bbb67351f8169f76914#201011150930_0_frame32.txt,8,,,439,485,90,132
1bff883d55ca0bbb67351f8169f76914#201011150930_0_frame32.txt,8,,,308,356,179,223
1bff883d55ca0bbb67351f8169f76914#201011150930_0_frame32.txt,8,,,354,404,150,200
1bff883d55ca0bbb67351f8169f76914#201011150930_0_frame32.txt,8,,,267,297,185,217
1bff883d55ca0bbb67351f8169f76914#201011150930_0_frame50.txt,2,,,248,296,17,50
1bff883d55ca0bbb67351f8169f76914#201011150930_0_frame55.txt,2,,,272,328,26,65
1bff883d55ca0bbb67351f8169f76914#201011150930_0_frame55.txt,5,,,202,256,49,101
1bff883d55ca0bbb67351f8169f76914#201011150930_0_frame55.txt,5,,,286,328,127,185
1bff883d55ca0bbb67351f8169f76914#201011150930_0_frame55.txt,5,,,388,436,28,64
1bff883d55ca0bbb67351f8169f76914#201011150930_0_frame56.txt,2,,,278,334,18,56
1bff883d55ca0bbb67351f8169f76914#201011150930_0_frame56.txt,5,,,284,336,122,180
1bff883d55ca0bbb67351f8169f76914#201011150930_0_frame56.txt,5,,,207,261,53,109
1bff883d55ca0bbb67351f8169f76914#201011150930_0_frame56.txt,5,,,388,436,28,64
1bff883d55ca0bbb67351f8169f76914#201011150930_0_frame57.txt,2,,,282,338,5,43
1bff883d55ca0bbb67351f8169f76914#201011150930_0_frame57.txt,5,,,294,340,123,177
1bff883d55ca0bbb67351f8169f76914#201011150930_0_frame57.txt,5,,,212,266,62,119
1bff883d55ca0bbb67351f8169f76914#201011150930_0_frame57.txt,5,,,389,443,23,56
1bff883d55ca0bbb67351f8169f76914#201011150930_0_frame60.txt,5,,,396,444,12,42
1bff883d55ca0bbb67351f8169f76914#201011150930_0_frame60.txt,2,,,291,365,0,26
1bff883d55ca0bbb67351f8169f76914#201011150930_0_frame60.txt,5,,,258,290,163,203
1bff883d55ca0bbb67351f8169f76914#201011150930_0_frame60.txt,5,,,13,59,72,128
1bff883d55ca0bbb67351f8169f76914#201011150930_0_frame64.txt,2,,,342,386,9,45
1bff883d55ca0bbb67351f8169f76914#201011150930_0_frame67.txt,5,,,278,322,158,203
1bff883d55ca0bbb67351f8169f76914#201011150930_0_frame67.txt,5,,,194,238,84,156
1bff883d55ca0bbb67351f8169f76914#201011150930_0_frame68.txt,2,,,312,378,0,36
1bff883d55ca0bbb67351f8169f76914#201011150930_0_frame68.txt,5,,,294,338,161,205
1bff883d55ca0bbb67351f8169f76914#201011150930_0_frame69.txt,5,,,164,224,107,176
1bff883d55ca0bbb67351f8169f76914#201011150930_0_frame69.txt,5,,,312,360,180,230
1bff883d55ca0bbb67351f8169f76914#201011150930_0_frame69.txt,5,,,466,514,38,72
1bff883d55ca0bbb67351f8169f76914#201011150930_0_frame7.txt,5,,,300,328,149,205
1bff883d55ca0bbb67351f8169f76914#201011150930_0_frame7.txt,5,,,332,366,159,207
1bff883d55ca0bbb67351f8169f76914#201011150930_0_frame75.txt,5,,,314,344,143,194
1bff883d55ca0bbb67351f8169f76914#201011150930_0_frame75.txt,5,,,260,294,176,216
1bff883d55ca0bbb67351f8169f76914#201011150930_0_frame75.txt,5,,,455,501,5,38
1bff883d55ca0bbb67351f8169f76914#201011150930_0_frame78.txt,5,,,303,353,114,170
1bff883d55ca0bbb67351f8169f76914#201011150930_0_frame78.txt,5,,,258,296,172,214
1bff883d55ca0bbb67351f8169f76914#201011150930_0_frame79.txt,5,,,303,353,114,170
1bff883d55ca0bbb67351f8169f76914#201011150930_0_frame79.txt,5,,,257,295,166,208
1bff883d55ca0bbb67351f8169f76914#201011150930_0_frame80.txt,5,,,303,353,114,170
1bff883d55ca0bbb67351f8169f76914#201011150930_0_frame80.txt,5,,,257,295,165,207
1bff883d55ca0bbb67351f8169f76914#201011150930_0_frame83.txt,5,,,309,347,144,206
1bff883d55ca0bbb67351f8169f76914#201011150930_0_frame83.txt,5,,,256,298,163,209
1bff883d55ca0bbb67351f8169f76914#201011150930_0_frame86.txt,5,,,293,335,158,216
1bff883d55ca0bbb67351f8169f76914#201011150930_0_frame87.txt,5,,,276,318,149,206
1bff883d55ca0bbb67351f8169f76914#201011150930_0_frame90.txt,5,,,418,478,83,122
1bff883d55ca0bbb67351f8169f76914#201011150930_0_frame90.txt,5,,,221,283,140,203
1bff883d55ca0bbb67351f8169f76914#201011150930_0_frame91.txt,5,,,228,288,137,199
1bff883d55ca0bbb67351f8169f76914#201011150930_0_frame91.txt,5,,,422,476,77,116
1bff883d55ca0bbb67351f8169f76914#201011150930_0_frame92.txt,5,,,238,298,126,188
1bff883d55ca0bbb67351f8169f76914#201011150930_0_frame94.txt,5,,,260,316,125,182
1bff883d55ca0bbb67351f8169f76914#201011150930_0_frame94.txt,5,,,408,460,29,67
1bff883d55ca0bbb67351f8169f76914#201011150930_0_frame95.txt,5,,,271,313,111,159
1bff883d55ca0bbb67351f8169f76914#201011150930_0_frame95.txt,5,,,404,460,13,53
1bff883d55ca0bbb67351f8169f76914#201011150930_0_frame98.txt,5,,,284,324,128,180
1bff883d55ca0bbb67351f8169f76914#201011150930_0_frame99.txt,5,,,290,330,128,180
2a69f2ad271728c99a849d679745492e#201201170710_s3_1_frame1.txt,6,,,59,149,169,295
2a69f2ad271728c99a849d679745492e#201201170710_s3_1_frame102.txt,6,,,228,364,196,284
2a69f2ad271728c99a849d679745492e#201201170710_s3_1_frame111.txt,6,,,203,391,174,261
2a69f2ad271728c99a849d679745492e#201201170710_s3_1_frame114.txt,6,,,204,396,168,255
2a69f2ad271728c99a849d679745492e#201201170710_s3_1_frame118.txt,6,,,222,378,149,236
2a69f2ad271728c99a849d679745492e#201201170710_s3_1_frame119.txt,6,,,238,376,139,236
2a69f2ad271728c99a849d679745492e#201201170710_s3_1_frame12.txt,6,,,71,178,193,291
2a69f2ad271728c99a849d679745492e#201201170710_s3_1_frame120.txt,6,,,252,381,124,224
2a69f2ad271728c99a849d679745492e#201201170710_s3_1_frame123.txt,6,,,272,382,100,205
2a69f2ad271728c99a849d679745492e#201201170710_s3_1_frame126.txt,6,,,297,389,82,190
2a69f2ad271728c99a849d679745492e#201201170710_s3_1_frame127.txt,6,,,307,390,63,176
2a69f2ad271728c99a849d679745492e#201201170710_s3_1_frame132.txt,6,,,271,386,36,128
2a69f2ad271728c99a849d679745492e#201201170710_s3_1_frame137.txt,6,,,254,390,26,122
2a69f2ad271728c99a849d679745492e#201201170710_s3_1_frame138.txt,6,,,254,390,26,122
2a69f2ad271728c99a849d679745492e#201201170710_s3_1_frame140.txt,6,,,234,418,3,89
2a69f2ad271728c99a849d679745492e#201201170710_s3_1_frame142.txt,6,,,225,412,5,91
2a69f2ad271728c99a849d679745492e#201201170710_s3_1_frame144.txt,6,,,189,404,2,67
2a69f2ad271728c99a849d679745492e#201201170710_s3_1_frame151.txt,6,,,135,350,1,50
2a69f2ad271728c99a849d679745492e#201201170710_s3_1_frame154.txt,6,,,135,350,1,47
2a69f2ad271728c99a849d679745492e#201201170710_s3_1_frame155.txt,6,,,135,350,1,47
2a69f2ad271728c99a849d679745492e#201201170710_s3_1_frame23.txt,6,,,50,214,180,282
2a69f2ad271728c99a849d679745492e#201201170710_s3_1_frame24.txt,6,,,50,214,180,282
2a69f2ad271728c99a849d679745492e#201201170710_s3_1_frame26.txt,6,,,50,214,180,282
2a69f2ad271728c99a849d679745492e#201201170710_s3_1_frame27.txt,6,,,54,242,174,276
2a69f2ad271728c99a849d679745492e#201201170710_s3_1_frame365.txt,5,,,262,303,60,96
2a69f2ad271728c99a849d679745492e#201201170710_s3_1_frame366.txt,5,,,262,303,60,96
2a69f2ad271728c99a849d679745492e#201201170710_s3_1_frame367.txt,5,,,262,303,60,96
2a69f2ad271728c99a849d679745492e#201201170710_s3_1_frame368.txt,5,,,262,303,60,96
2a69f2ad271728c99a849d679745492e#201201170710_s3_1_frame371.txt,5,,,239,285,46,86
2a69f2ad271728c99a849d679745492e#201201170710_s3_1_frame373.txt,5,,,225,271,35,74
2a69f2ad271728c99a849d679745492e#201201170710_s3_1_frame376.txt,5,,,205,243,8,49
2a69f2ad271728c99a849d679745492e#201201170710_s3_1_frame378.txt,5,,,205,243,8,49
2a69f2ad271728c99a849d679745492e#201201170710_s3_1_frame389.txt,5,,,121,164,47,89
2a69f2ad271728c99a849d679745492e#201201170710_s3_1_frame39.txt,6,,,92,249,166,269
2a69f2ad271728c99a849d679745492e#201201170710_s3_1_frame394.txt,5,,,118,154,42,87
2a69f2ad271728c99a849d679745492e#201201170710_s3_1_frame4.txt,6,,,73,163,178,293
2a69f2ad271728c99a849d679745492e#201201170710_s3_1_frame423.txt,5,,,118,158,5,42
2a69f2ad271728c99a849d679745492e#201201170710_s3_1_frame423.txt,5,,,340,388,107,139
2a69f2ad271728c99a849d679745492e#201201170710_s3_1_frame425.txt,5,,,340,388,107,139
2a69f2ad271728c99a849d679745492e#201201170710_s3_1_frame425.txt,5,,,132,160,1,38
2a69f2ad271728c99a849d679745492e#201201170710_s3_1_frame428.txt,5,,,350,398,104,137
2a69f2ad271728c99a849d679745492e#201201170710_s3_1_frame431.txt,5,,,353,401,104,136
2a69f2ad271728c99a849d679745492e#201201170710_s3_1_frame435.txt,5,,,357,404,104,136
2a69f2ad271728c99a849d679745492e#201201170710_s3_1_frame437.txt,5,,,366,414,101,133
2a69f2ad271728c99a849d679745492e#201201170710_s3_1_frame444.txt,5,,,371,418,96,129
2a69f2ad271728c99a849d679745492e#201201170710_s3_1_frame446.txt,5,,,371,418,96,129
2a69f2ad271728c99a849d679745492e#201201170710_s3_1_frame456.txt,5,,,395,433,64,104
2a69f2ad271728c99a849d679745492e#201201170710_s3_1_frame458.txt,5,,,408,440,50,90
2a69f2ad271728c99a849d679745492e#201201170710_s3_1_frame48.txt,6,,,79,209,153,267
2a69f2ad271728c99a849d679745492e#201201170710_s3_1_frame50.txt,6,,,79,209,153,267
2a69f2ad271728c99a849d679745492e#201201170710_s3_1_frame51.txt,6,,,64,232,152,257
2a69f2ad271728c99a849d679745492e#201201170710_s3_1_frame532.txt,5,,,510,548,86,118
2a69f2ad271728c99a849d679745492e#201201170710_s3_1_frame533.txt,5,,,509,551,83,116
2a69f2ad271728c99a849d679745492e#201201170710_s3_1_frame536.txt,5,,,512,552,80,113
2a69f2ad271728c99a849d679745492e#201201170710_s3_1_frame538.txt,5,,,512,552,80,113
2a69f2ad271728c99a849d679745492e#201201170710_s3_1_frame54.txt,6,,,64,232,152,257
2a69f2ad271728c99a849d679745492e#201201170710_s3_1_frame544.txt,5,,,510,550,78,110
2a69f2ad271728c99a849d679745492e#201201170710_s3_1_frame546.txt,5,,,510,550,78,110
2a69f2ad271728c99a849d679745492e#201201170710_s3_1_frame549.txt,5,,,510,550,78,110
2a69f2ad271728c99a849d679745492e#201201170710_s3_1_frame55.txt,6,,,47,243,136,250
2a69f2ad271728c99a849d679745492e#201201170710_s3_1_frame553.txt,5,,,510,550,78,110
2a69f2ad271728c99a849d679745492e#201201170710_s3_1_frame58.txt,6,,,61,255,140,250
2a69f2ad271728c99a849d679745492e#201201170710_s3_1_frame7.txt,6,,,72,168,193,292
2a69f2ad271728c99a849d679745492e#201201170710_s3_1_frame73.txt,6,,,180,300,120,267
2a69f2ad271728c99a849d679745492e#201201170710_s3_1_frame77.txt,6,,,222,306,124,277
2a69f2ad271728c99a849d679745492e#201201170710_s3_1_frame796.txt,5,,,284,321,7,41
2a69f2ad271728c99a849d679745492e#201201170710_s3_1_frame8.txt,6,,,72,168,193,292
2a69f2ad271728c99a849d679745492e#201201170710_s3_1_frame80.txt,6,,,253,311,137,289
2a69f2ad271728c99a849d679745492e#201201170710_s3_1_frame817.txt,1,,,128,316,90,231
2a69f2ad271728c99a849d679745492e#201201170710_s3_1_frame819.txt,1,,,127,310,76,224
2a69f2ad271728c99a849d679745492e#201201170710_s3_1_frame821.txt,1,,,127,310,76,224
2a69f2ad271728c99a849d679745492e#201201170710_s3_1_frame828.txt,1,,,61,276,24,195
2a69f2ad271728c99a849d679745492e#201201170710_s3_1_frame829.txt,1,,,59,277,11,176
2a69f2ad271728c99a849d679745492e#201201170710_s3_1_frame83.txt,6,,,253,315,147,299
2a69f2ad271728c99a849d679745492e#201201170710_s3_1_frame831.txt,1,,,46,250,1,160
2a69f2ad271728c99a849d679745492e#201201170710_s3_1_frame839.txt,1,,,34,186,1,94
2a69f2ad271728c99a849d679745492e#201201170710_s3_1_frame841.txt,1,,,31,161,2,70
2a69f2ad271728c99a849d679745492e#201201170710_s3_1_frame87.txt,6,,,255,323,174,315
2a69f2ad271728c99a849d679745492e#201201170710_s3_1_frame90.txt,6,,,252,332,183,324
2a69f2ad271728c99a849d679745492e#201201170710_s3_1_frame92.txt,6,,,252,332,183,324
2a69f2ad271728c99a849d679745492e#201201170710_s3_1_frame94.txt,6,,,243,349,184,300
2a69f2ad271728c99a849d679745492e#201201170710_s3_1_frame95.txt,6,,,243,349,184,300
2a69f2ad271728c99a849d679745492e#201201170710_s3_1_frame96.txt,6,,,243,349,184,300
2a69f2ad271728c99a849d679745492e#201201170710_s3_2_frame1071.txt,5,,,183,226,13,43
2a69f2ad271728c99a849d679745492e#201201170710_s3_2_frame1075.txt,5,,,175,217,3,33
2a69f2ad271728c99a849d679745492e#201201170710_s3_2_frame1076.txt,5,,,175,217,3,33
2a69f2ad271728c99a849d679745492e#201201170710_s3_2_frame1077.txt,5,,,175,217,3,33
2a69f2ad271728c99a849d679745492e#201201170710_s3_2_frame1080.txt,5,,,134,207,13,61
2a69f2ad271728c99a849d679745492e#201201170710_s3_2_frame1082.txt,5,,,122,195,13,56
2a69f2ad271728c99a849d679745492e#201201170710_s3_2_frame1084.txt,5,,,122,195,13,56
2a69f2ad271728c99a849d679745492e#201201170710_s3_2_frame1085.txt,5,,,108,180,5,47
2a69f2ad271728c99a849d679745492e#201201170710_s3_2_frame1086.txt,5,,,108,180,5,47
2a69f2ad271728c99a849d679745492e#201201170710_s3_2_frame1093.txt,5,,,55,133,1,38
2a69f2ad271728c99a849d679745492e#201201170710_s3_2_frame1174.txt,5,,,524,568,62,100
2a69f2ad271728c99a849d679745492e#201201170710_s3_2_frame1178.txt,5,,,524,568,60,98
2a69f2ad271728c99a849d679745492e#201201170710_s3_2_frame1179.txt,5,,,524,568,60,98
2a69f2ad271728c99a849d679745492e#201201170710_s3_2_frame1181.txt,5,,,529,567,59,95
2a69f2ad271728c99a849d679745492e#201201170710_s3_2_frame1182.txt,5,,,529,567,59,95
2a69f2ad271728c99a849d679745492e#201201170710_s3_2_frame158.txt,5,,,315,349,54,92
2a69f2ad271728c99a849d679745492e#201201170710_s3_2_frame159.txt,5,,,315,349,54,92
2a69f2ad271728c99a849d679745492e#201201170710_s3_2_frame164.txt,5,,,312,346,65,104
2a69f2ad271728c99a849d679745492e#201201170710_s3_2_frame166.txt,5,,,305,339,77,116
2a69f2ad271728c99a849d679745492e#201201170710_s3_2_frame170.txt,5,,,303,337,86,125
2a69f2ad271728c99a849d679745492e#201201170710_s3_2_frame171.txt,5,,,299,333,93,131
2a69f2ad271728c99a849d679745492e#201201170710_s3_2_frame172.txt,5,,,299,333,93,131
2a69f2ad271728c99a849d679745492e#201201170710_s3_2_frame215.txt,1,,,194,255,50,88
2a69f2ad271728c99a849d679745492e#201201170710_s3_2_frame218.txt,1,,,200,256,50,86
2a69f2ad271728c99a849d679745492e#201201170710_s3_2_frame219.txt,1,,,200,256,50,86
2a69f2ad271728c99a849d679745492e#201201170710_s3_2_frame222.txt,1,,,216,272,40,77
2a69f2ad271728c99a849d679745492e#201201170710_s3_2_frame223.txt,1,,,216,272,38,75
2a69f2ad271728c99a849d679745492e#201201170710_s3_2_frame224.txt,1,,,221,276,34,71
2a69f2ad271728c99a849d679745492e#201201170710_s3_2_frame225.txt,1,,,221,276,34,71
2a69f2ad271728c99a849d679745492e#201201170710_s3_2_frame233.txt,1,,,239,309,13,52
2a69f2ad271728c99a849d679745492e#201201170710_s3_2_frame235.txt,1,,,243,313,12,51
2a69f2ad271728c99a849d679745492e#201201170710_s3_2_frame239.txt,1,,,255,325,6,45
2a69f2ad271728c99a849d679745492e#201201170710_s3_2_frame240.txt,1,,,263,345,1,40
2a69f2ad271728c99a849d679745492e#201201170710_s3_2_frame241.txt,1,,,263,345,1,40
2a69f2ad271728c99a849d679745492e#201201170710_s3_2_frame243.txt,1,,,271,361,2,34
2a69f2ad271728c99a849d679745492e#201201170710_s3_2_frame244.txt,1,,,277,373,0,29
2a69f2ad271728c99a849d679745492e#201201170710_s3_2_frame245.txt,1,,,277,373,0,29
2a69f2ad271728c99a849d679745492e#201201170710_s3_2_frame299.txt,5,,,277,380,125,222
2a69f2ad271728c99a849d679745492e#201201170710_s3_2_frame302.txt,5,,,284,384,95,191
2a69f2ad271728c99a849d679745492e#201201170710_s3_2_frame304.txt,5,,,284,384,95,191
2a69f2ad271728c99a849d679745492e#201201170710_s3_2_frame314.txt,5,,,308,386,49,143
2a69f2ad271728c99a849d679745492e#201201170710_s3_2_frame315.txt,5,,,322,392,35,127
2a69f2ad271728c99a849d679745492e#201201170710_s3_2_frame456.txt,5,,,424,476,80,144
2a69f2ad271728c99a849d679745492e#201201170710_s3_2_frame463.txt,5,,,420,477,74,132
2a69f2ad271728c99a849d679745492e#201201170710_s3_2_frame464.txt,5,,,418,483,70,128
2a69f2ad271728c99a849d679745492e#201201170710_s3_2_frame467.txt,5,,,414,482,55,112
2a69f2ad271728c99a849d679745492e#201201170710_s3_2_frame470.txt,5,,,411,478,54,111
2a69f2ad271728c99a849d679745492e#201201170710_s3_2_frame474.txt,5,,,399,475,38,94
2a69f2ad271728c99a849d679745492e#201201170710_s3_2_frame478.txt,5,,,395,471,32,88
2a69f2ad271728c99a849d679745492e#201201170710_s3_2_frame482.txt,5,,,374,452,0,53
2a69f2ad271728c99a849d679745492e#201201170710_s3_2_frame483.txt,5,,,374,452,0,53
2a69f2ad271728c99a849d679745492e#201201170710_s3_2_frame484.txt,5,,,374,452,0,53
2a69f2ad271728c99a849d679745492e#201201170710_s3_2_frame485.txt,5,,,371,446,0,47
2a69f2ad271728c99a849d679745492e#201201170710_s3_2_frame486.txt,5,,,371,446,0,47
2a69f2ad271728c99a849d679745492e#201201170710_s3_2_frame489.txt,5,,,361,436,0,39
2a69f2ad271728c99a849d679745492e#201201170710_s3_2_frame490.txt,5,,,361,436,0,33
2a69f2ad271728c99a849d679745492e#201201170710_s3_2_frame518.txt,5,,,265,320,102,138
2a69f2ad271728c99a849d679745492e#201201170710_s3_2_frame518.txt,5,,,560,592,5,28
2a69f2ad271728c99a849d679745492e#201201170710_s3_2_frame520.txt,5,,,265,320,102,138
2a69f2ad271728c99a849d679745492e#201201170710_s3_2_frame520.txt,5,,,560,592,5,28
2a69f2ad271728c99a849d679745492e#201201170710_s3_2_frame523.txt,5,,,265,316,104,137
2a69f2ad271728c99a849d679745492e#201201170710_s3_2_frame523.txt,5,,,559,593,4,31
2a69f2ad271728c99a849d679745492e#201201170710_s3_2_frame531.txt,5,,,43,93,16,61
2a69f2ad271728c99a849d679745492e#201201170710_s3_2_frame531.txt,5,,,267,317,102,138
2a69f2ad271728c99a849d679745492e#201201170710_s3_2_frame534.txt,5,,,63,113,22,67
2a69f2ad271728c99a849d679745492e#201201170710_s3_2_frame534.txt,5,,,267,317,102,138
2a69f2ad271728c99a849d679745492e#201201170710_s3_2_frame534.txt,3,,,6,82,25,134
2a69f2ad271728c99a849d679745492e#201201170710_s3_2_frame540.txt,3,,,5,147,14,122
2a69f2ad271728c99a849d679745492e#201201170710_s3_2_frame544.txt,3,,,6,162,9,117
2a69f2ad271728c99a849d679745492e#201201170710_s3_2_frame549.txt,3,,,63,197,3,116
2a69f2ad271728c99a849d679745492e#201201170710_s3_2_frame551.txt,3,,,69,203,5,119
2a69f2ad271728c99a849d679745492e#201201170710_s3_2_frame554.txt,3,,,83,217,3,116
2a69f2ad271728c99a849d679745492e#201201170710_s3_2_frame556.txt,3,,,83,217,3,116
2a69f2ad271728c99a849d679745492e#201201170710_s3_2_frame558.txt,3,,,83,217,2,116
2a69f2ad271728c99a849d679745492e#201201170710_s3_2_frame562.txt,3,,,94,223,6,114
2a69f2ad271728c99a849d679745492e#201201170710_s3_2_frame574.txt,3,,,109,244,0,113
2a69f2ad271728c99a849d679745492e#201201170710_s3_2_frame579.txt,3,,,109,248,0,113
2a69f2ad271728c99a849d679745492e#201201170710_s3_2_frame580.txt,3,,,109,248,0,113
2a69f2ad271728c99a849d679745492e#201201170710_s3_2_frame581.txt,3,,,109,248,0,113
2a69f2ad271728c99a849d679745492e#201201170710_s3_2_frame583.txt,3,,,110,258,0,113
2a69f2ad271728c99a849d679745492e#201201170710_s3_2_frame590.txt,3,,,109,252,0,108
2a69f2ad271728c99a849d679745492e#201201170710_s3_2_frame591.txt,3,,,109,252,0,108
2a69f2ad271728c99a849d679745492e#201201170710_s3_2_frame593.txt,3,,,110,242,0,111
2a69f2ad271728c99a849d679745492e#201201170710_s3_2_frame595.txt,3,,,115,241,3,114
2a69f2ad271728c99a849d679745492e#201201170710_s3_2_frame596.txt,3,,,115,241,3,114
2a69f2ad271728c99a849d679745492e#201201170710_s3_2_frame597.txt,3,,,115,241,3,114
2a69f2ad271728c99a849d679745492e#201201170710_s3_2_frame599.txt,3,,,117,231,1,116
2a69f2ad271728c99a849d679745492e#201201170710_s3_2_frame604.txt,3,,,116,217,1,122
2a69f2ad271728c99a849d679745492e#201201170710_s3_2_frame605.txt,3,,,106,206,1,122
2a69f2ad271728c99a849d679745492e#201201170710_s3_2_frame607.txt,3,,,106,206,1,122
2a69f2ad271728c99a849d679745492e#201201170710_s3_2_frame619.txt,3,,,86,196,3,132
2a69f2ad271728c99a849d679745492e#201201170710_s3_2_frame623.txt,3,,,84,200,9,138
2a69f2ad271728c99a849d679745492e#201201170710_s3_2_frame625.txt,3,,,84,200,9,138
2a69f2ad271728c99a849d679745492e#201201170710_s3_2_frame626.txt,3,,,85,208,18,147
2a69f2ad271728c99a849d679745492e#201201170710_s3_2_frame629.txt,3,,,85,208,18,147
2a69f2ad271728c99a849d679745492e#201201170710_s3_2_frame632.txt,3,,,95,218,27,156
2a69f2ad271728c99a849d679745492e#201201170710_s3_2_frame634.txt,5,,,29,71,10,52
2a69f2ad271728c99a849d679745492e#201201170710_s3_2_frame644.txt,3,,,128,280,50,163
2a69f2ad271728c99a849d679745492e#201201170710_s3_2_frame644.txt,5,,,35,77,13,55
2a69f2ad271728c99a849d679745492e#201201170710_s3_2_frame646.txt,3,,,128,280,50,163
2a69f2ad271728c99a849d679745492e#201201170710_s3_2_frame646.txt,5,,,35,77,13,55
2a69f2ad271728c99a849d679745492e#201201170710_s3_2_frame649.txt,3,,,138,290,50,163
2a69f2ad271728c99a849d679745492e#201201170710_s3_2_frame649.txt,5,,,35,77,13,55
2a69f2ad271728c99a849d679745492e#201201170710_s3_2_frame651.txt,3,,,173,341,42,155
2a69f2ad271728c99a849d679745492e#201201170710_s3_2_frame651.txt,5,,,43,97,21,63
2a69f2ad271728c99a849d679745492e#201201170710_s3_2_frame654.txt,3,,,224,377,29,142
2a69f2ad271728c99a849d679745492e#201201170710_s3_2_frame654.txt,5,,,70,118,25,67
2a69f2ad271728c99a849d679745492e#201201170710_s3_2_frame655.txt,3,,,224,377,29,142
2a69f2ad271728c99a849d679745492e#201201170710_s3_2_frame655.txt,5,,,70,118,25,67
2a69f2ad271728c99a849d679745492e#201201170710_s3_2_frame656.txt,3,,,224,377,29,142
2a69f2ad271728c99a849d679745492e#201201170710_s3_2_frame656.txt,5,,,70,118,25,67
2a69f2ad271728c99a849d679745492e#201201170710_s3_2_frame658.txt,3,,,289,435,27,132
2a69f2ad271728c99a849d679745492e#201201170710_s3_2_frame660.txt,3,,,289,435,27,132
2a69f2ad271728c99a849d679745492e#201201170710_s3_2_frame674.txt,1,,,226,286,77,109
2a69f2ad271728c99a849d679745492e#201201170710_s3_2_frame674.txt,3,,,503,633,2,86
2a69f2ad271728c99a849d679745492e#201201170710_s3_2_frame676.txt,1,,,243,302,71,103
2a69f2ad271728c99a849d679745492e#201201170710_s3_2_frame679.txt,1,,,263,322,62,95
2a69f2ad271728c99a849d679745492e#201201170710_s3_2_frame684.txt,1,,,276,338,56,90
2a69f2ad271728c99a849d679745492e#201201170710_s3_2_frame686.txt,1,,,293,355,53,86
2a69f2ad271728c99a849d679745492e#201201170710_s3_2_frame690.txt,1,,,308,370,49,83
2a69f2ad271728c99a849d679745492e#201201170710_s3_2_frame690.txt,5,,,104,152,46,83
2a69f2ad271728c99a849d679745492e#201201170710_s3_2_frame691.txt,1,,,308,370,49,83
2a69f2ad271728c99a849d679745492e#201201170710_s3_2_frame691.txt,5,,,104,152,46,83
2a69f2ad271728c99a849d679745492e#201201170710_s3_2_frame696.txt,1,,,341,403,40,74
2a69f2ad271728c99a849d679745492e#201201170710_s3_2_frame696.txt,5,,,88,136,32,69
2a69f2ad271728c99a849d679745492e#201201170710_s3_2_frame698.txt,1,,,358,420,32,66
2a69f2ad271728c99a849d679745492e#201201170710_s3_2_frame698.txt,5,,,85,127,28,65
2a69f2ad271728c99a849d679745492e#201201170710_s3_2_frame70.txt,5,,,393,424,29,73
2a69f2ad271728c99a849d679745492e#201201170710_s3_2_frame701.txt,1,,,389,451,28,62
2a69f2ad271728c99a849d679745492e#201201170710_s3_2_frame701.txt,5,,,76,116,23,59
2a69f2ad271728c99a849d679745492e#201201170710_s3_2_frame703.txt,1,,,389,451,28,62
2a69f2ad271728c99a849d679745492e#201201170710_s3_2_frame703.txt,5,,,76,116,23,59
2a69f2ad271728c99a849d679745492e#201201170710_s3_2_frame704.txt,1,,,389,451,28,62
2a69f2ad271728c99a849d679745492e#201201170710_s3_2_frame704.txt,5,,,76,116,23,59
2a69f2ad271728c99a849d679745492e#201201170710_s3_2_frame707.txt,1,,,403,478,18,56
2a69f2ad271728c99a849d679745492e#201201170710_s3_2_frame707.txt,5,,,76,116,20,56
2a69f2ad271728c99a849d679745492e#201201170710_s3_2_frame71.txt,5,,,393,424,29,73
2a69f2ad271728c99a849d679745492e#201201170710_s3_2_frame721.txt,1,,,481,556,3,41
2a69f2ad271728c99a849d679745492e#201201170710_s3_2_frame722.txt,1,,,526,602,1,34
2a69f2ad271728c99a849d679745492e#201201170710_s3_2_frame724.txt,1,,,526,602,1,34
2a69f2ad271728c99a849d679745492e#201201170710_s3_2_frame727.txt,1,,,545,620,2,31
2a69f2ad271728c99a849d679745492e#201201170710_s3_2_frame728.txt,1,,,545,620,2,31
2a69f2ad271728c99a849d679745492e#201201170710_s3_2_frame74.txt,5,,,386,418,39,83
2a69f2ad271728c99a849d679745492e#201201170710_s3_2_frame86.txt,5,,,355,389,77,122
2a69f2ad271728c99a849d679745492e#201201170710_s3_2_frame87.txt,5,,,355,389,77,122
2a69f2ad271728c99a849d679745492e#201201170710_s3_2_frame891.txt,5,,,230,279,45,83
2a69f2ad271728c99a849d679745492e#201201170710_s3_2_frame892.txt,5,,,226,275,44,77
2a69f2ad271728c99a849d679745492e#201201170710_s3_2_frame893.txt,5,,,226,275,44,77
2a69f2ad271728c99a849d679745492e#201201170710_s3_2_frame896.txt,5,,,222,268,41,74
2a69f2ad271728c99a849d679745492e#201201170710_s3_2_frame90.txt,5,,,348,380,89,134
390b3133d417e8660afd01c18abd1a19#201102271650_s10_4_frame107.txt,7,,,363,433,129,177
390b3133d417e8660afd01c18abd1a19#201102271650_s10_4_frame139.txt,7,,,281,375,176,233
390b3133d417e8660afd01c18abd1a19#201102271650_s10_4_frame140.txt,7,,,288,372,176,233
390b3133d417e8660afd01c18abd1a19#201102271650_s10_4_frame140.txt,9,,,214,300,131,193
390b3133d417e8660afd01c18abd1a19#201102271650_s10_4_frame142.txt,7,,,302,374,180,236
390b3133d417e8660afd01c18abd1a19#201102271650_s10_4_frame142.txt,9,,,256,342,127,185
390b3133d417e8660afd01c18abd1a19#201102271650_s10_4_frame143.txt,7,,,321,383,187,239
390b3133d417e8660afd01c18abd1a19#201102271650_s10_4_frame143.txt,9,,,286,372,127,185
390b3133d417e8660afd01c18abd1a19#201102271650_s10_4_frame158.txt,7,,,350,394,198,240
390b3133d417e8660afd01c18abd1a19#201102271650_s10_4_frame158.txt,6,,,149,259,68,180
390b3133d417e8660afd01c18abd1a19#201102271650_s10_4_frame166.txt,4,,,7,89,134,221
390b3133d417e8660afd01c18abd1a19#201102271650_s10_4_frame196.txt,7,,,242,326,155,205
390b3133d417e8660afd01c18abd1a19#201102271650_s10_4_frame201.txt,7,,,259,329,155,205
390b3133d417e8660afd01c18abd1a19#201102271650_s10_4_frame201.txt,8,,,350,390,50,90
390b3133d417e8660afd01c18abd1a19#201102271650_s10_4_frame205.txt,7,,,292,348,169,215
390b3133d417e8660afd01c18abd1a19#201102271650_s10_4_frame208.txt,7,,,321,363,176,222
390b3133d417e8660afd01c18abd1a19#201102271650_s10_4_frame208.txt,0,,,396,450,173,235
390b3133d417e8660afd01c18abd1a19#201102271650_s10_9_frame254.txt,5,,,545,591,233,272
390b3133d417e8660afd01c18abd1a19#201102271650_s10_9_frame28.txt,6,,,83,177,30,74
390b3133d417e8660afd01c18abd1a19#201102271650_s10_9_frame28.txt,6,,,250,338,26,90
390b3133d417e8660afd01c18abd1a19#201102271650_s10_9_frame28.txt,5,,,148,196,16,64
390b3133d417e8660afd01c18abd1a19#201102271650_s10_9_frame38.txt,5,,,54,162,116,227
390b3133d417e8660afd01c18abd1a19#201102271650_s10_9_frame38.txt,5,,,242,294,107,145
390b3133d417e8660afd01c18abd1a19#201102271650_s10_9_frame38.txt,5,,,444,520,36,92
39390008c7d6c34e82780f7a7b5a6457#201103310620_s8_3_frame1.txt,7,,,315,381,236,282
39390008c7d6c34e82780f7a7b5a6457#201103310620_s8_3_frame123.txt,5,,,306,362,103,155
39390008c7d6c34e82780f7a7b5a6457#201103310620_s8_3_frame130.txt,5,,,512,572,230,275
39390008c7d6c34e82780f7a7b5a6457#201103310620_s8_3_frame130.txt,5,,,446,490,228,258
39390008c7d6c34e82780f7a7b5a6457#201103310620_s8_3_frame132.txt,5,,,188,244,173,217
39390008c7d6c34e82780f7a7b5a6457#201103310620_s8_3_frame132.txt,5,,,476,522,213,243
39390008c7d6c34e82780f7a7b5a6457#201103310620_s8_3_frame132.txt,5,,,562,622,221,260
39390008c7d6c34e82780f7a7b5a6457#201103310620_s8_3_frame156.txt,7,,,250,298,251,290
39390008c7d6c34e82780f7a7b5a6457#201103310620_s8_3_frame156.txt,8,,,168,206,107,146
39390008c7d6c34e82780f7a7b5a6457#201103310620_s8_3_frame157.txt,7,,,252,306,251,295
39390008c7d6c34e82780f7a7b5a6457#201103310620_s8_3_frame166.txt,5,,,162,212,74,126
39390008c7d6c34e82780f7a7b5a6457#201103310620_s8_3_frame171.txt,7,,,301,423,212,264
39390008c7d6c34e82780f7a7b5a6457#201103310620_s8_3_frame171.txt,8,,,142,192,19,59
39390008c7d6c34e82780f7a7b5a6457#201103310620_s8_3_frame178.txt,7,,,448,558,190,244
39390008c7d6c34e82780f7a7b5a6457#201103310620_s8_3_frame180.txt,7,,,500,608,203,248
39390008c7d6c34e82780f7a7b5a6457#201103310620_s8_3_frame181.txt,7,,,510,618,205,251
39390008c7d6c34e82780f7a7b5a6457#201103310620_s8_3_frame209.txt,7,,,516,604,116,191
39390008c7d6c34e82780f7a7b5a6457#201103310620_s8_3_frame211.txt,7,,,518,614,125,194
39390008c7d6c34e82780f7a7b5a6457#201103310620_s8_3_frame214.txt,7,,,538,626,136,202
39390008c7d6c34e82780f7a7b5a6457#201103310620_s8_3_frame25.txt,0,,,532,572,2,35
39390008c7d6c34e82780f7a7b5a6457#201103310620_s8_3_frame255.txt,5,,,480,544,63,105
39390008c7d6c34e82780f7a7b5a6457#201103310620_s8_3_frame260.txt,5,,,484,536,176,263
39390008c7d6c34e82780f7a7b5a6457#201103310620_s8_3_frame28.txt,0,,,566,610,36,78
39390008c7d6c34e82780f7a7b5a6457#201103310620_s8_3_frame28.txt,5,,,494,544,92,132
39390008c7d6c34e82780f7a7b5a6457#201103310620_s8_3_frame28.txt,5,,,208,240,66,98
39390008c7d6c34e82780f7a7b5a6457#201103310620_s8_3_frame3.txt,7,,,333,379,245,284
39390008c7d6c34e82780f7a7b5a6457#201103310620_s8_3_frame32.txt,5,,,528,580,109,149
39390008c7d6c34e82780f7a7b5a6457#201103310620_s8_3_frame38.txt,0,,,376,436,291,321
39390008c7d6c34e82780f7a7b5a6457#201103310620_s8_3_frame38.txt,5,,,548,588,173,230
39390008c7d6c34e82780f7a7b5a6457#201103310620_s8_3_frame39.txt,5,,,544,584,180,230
39390008c7d6c34e82780f7a7b5a6457#201103310620_s8_3_frame39.txt,5,,,552,632,0,66
39390008c7d6c34e82780f7a7b5a6457#201103310620_s8_3_frame39.txt,0,,,386,452,286,322
39390008c7d6c34e82780f7a7b5a6457#201103310620_s8_3_frame45.txt,5,,,588,636,227,272
39390008c7d6c34e82780f7a7b5a6457#201103310620_s8_3_frame45.txt,0,,,438,466,291,327
39390008c7d6c34e82780f7a7b5a6457#201103310620_s8_3_frame45.txt,5,,,376,428,2,47
39390008c7d6c34e82780f7a7b5a6457#201103310620_s8_3_frame6.txt,7,,,336,382,251,290
39390008c7d6c34e82780f7a7b5a6457#201103310620_s8_3_frame9.txt,7,,,334,404,260,305
39390008c7d6c34e82780f7a7b5a6457#201103310620_s8_4_frame10.txt,7,,,519,597,210,248
39390008c7d6c34e82780f7a7b5a6457#201103310620_s8_4_frame10.txt,8,,,442,564,128,215
39390008c7d6c34e82780f7a7b5a6457#201103310620_s8_4_frame103.txt,5,,,181,291,176,282
39390008c7d6c34e82780f7a7b5a6457#201103310620_s8_4_frame105.txt,5,,,122,230,111,213
39390008c7d6c34e82780f7a7b5a6457#201103310620_s8_4_frame106.txt,5,,,94,202,78,176
39390008c7d6c34e82780f7a7b5a6457#201103310620_s8_4_frame106.txt,0,,,270,326,227,284
39390008c7d6c34e82780f7a7b5a6457#201103310620_s8_4_frame107.txt,5,,,84,192,68,167
39390008c7d6c34e82780f7a7b5a6457#201103310620_s8_4_frame107.txt,0,,,270,326,227,284
39390008c7d6c34e82780f7a7b5a6457#201103310620_s8_4_frame121.txt,0,,,269,315,113,163
39390008c7d6c34e82780f7a7b5a6457#201103310620_s8_4_frame123.txt,0,,,286,352,95,145
39390008c7d6c34e82780f7a7b5a6457#201103310620_s8_4_frame128.txt,0,,,418,488,146,203
39390008c7d6c34e82780f7a7b5a6457#201103310620_s8_4_frame128.txt,0,,,280,336,146,186
39390008c7d6c34e82780f7a7b5a6457#201103310620_s8_4_frame135.txt,0,,,338,398,110,161
39390008c7d6c34e82780f7a7b5a6457#201103310620_s8_4_frame135.txt,7,,,242,316,261,297
39390008c7d6c34e82780f7a7b5a6457#201103310620_s8_4_frame142.txt,0,,,392,476,219,267
39390008c7d6c34e82780f7a7b5a6457#201103310620_s8_4_frame148.txt,0,,,432,496,190,250
39390008c7d6c34e82780f7a7b5a6457#201103310620_s8_4_frame152.txt,0,,,554,632,216,276
39390008c7d6c34e82780f7a7b5a6457#201103310620_s8_4_frame158.txt,7,,,376,430,228,266
39390008c7d6c34e82780f7a7b5a6457#201103310620_s8_4_frame161.txt,7,,,406,470,209,247
39390008c7d6c34e82780f7a7b5a6457#201103310620_s8_4_frame162.txt,7,,,420,484,204,242
39390008c7d6c34e82780f7a7b5a6457#201103310620_s8_4_frame165.txt,7,,,452,514,192,230
39390008c7d6c34e82780f7a7b5a6457#201103310620_s8_4_frame165.txt,0,,,568,612,26,78
39390008c7d6c34e82780f7a7b5a6457#201103310620_s8_4_frame167.txt,8,,,432,476,146,179
39390008c7d6c34e82780f7a7b5a6457#201103310620_s8_4_frame167.txt,7,,,476,522,185,223
39390008c7d6c34e82780f7a7b5a6457#201103310620_s8_4_frame167.txt,0,,,564,636,25,77
39390008c7d6c34e82780f7a7b5a6457#201103310620_s8_4_frame169.txt,7,,,485,531,176,215
39390008c7d6c34e82780f7a7b5a6457#201103310620_s8_4_frame169.txt,7,,,204,252,80,161
39390008c7d6c34e82780f7a7b5a6457#201103310620_s8_4_frame172.txt,7,,,490,536,173,211
39390008c7d6c34e82780f7a7b5a6457#201103310620_s8_4_frame178.txt,5,,,408,488,131,188
39390008c7d6c34e82780f7a7b5a6457#201103310620_s8_4_frame188.txt,5,,,542,588,232,268
39390008c7d6c34e82780f7a7b5a6457#201103310620_s8_4_frame19.txt,5,,,266,348,227,284
39390008c7d6c34e82780f7a7b5a6457#201103310620_s8_4_frame191.txt,5,,,462,510,276,320
39390008c7d6c34e82780f7a7b5a6457#201103310620_s8_4_frame20.txt,5,,,253,335,227,284
39390008c7d6c34e82780f7a7b5a6457#201103310620_s8_4_frame211.txt,7,,,428,478,197,230
39390008c7d6c34e82780f7a7b5a6457#201103310620_s8_4_frame221.txt,8,,,488,562,137,188
39390008c7d6c34e82780f7a7b5a6457#201103310620_s8_4_frame221.txt,8,,,184,232,176,216
39390008c7d6c34e82780f7a7b5a6457#201103310620_s8_4_frame221.txt,8,,,56,108,21,69
39390008c7d6c34e82780f7a7b5a6457#201103310620_s8_4_frame222.txt,5,,,510,578,160,208
39390008c7d6c34e82780f7a7b5a6457#201103310620_s8_4_frame222.txt,5,,,50,102,21,63
39390008c7d6c34e82780f7a7b5a6457#201103310620_s8_4_frame222.txt,5,,,363,429,92,155
39390008c7d6c34e82780f7a7b5a6457#201103310620_s8_4_frame225.txt,0,,,415,481,138,176
39390008c7d6c34e82780f7a7b5a6457#201103310620_s8_4_frame233.txt,5,,,528,612,42,92
39390008c7d6c34e82780f7a7b5a6457#201103310620_s8_4_frame238.txt,5,,,564,628,11,61
39390008c7d6c34e82780f7a7b5a6457#201103310620_s8_4_frame243.txt,8,,,516,576,103,161
39390008c7d6c34e82780f7a7b5a6457#201103310620_s8_4_frame243.txt,7,,,408,460,192,228
39390008c7d6c34e82780f7a7b5a6457#201103310620_s8_4_frame248.txt,8,,,567,637,72,128
39390008c7d6c34e82780f7a7b5a6457#201103310620_s8_4_frame248.txt,7,,,400,458,190,226
39390008c7d6c34e82780f7a7b5a6457#201103310620_s8_4_frame248.txt,8,,,262,312,234,270
39390008c7d6c34e82780f7a7b5a6457#201103310620_s8_4_frame265.txt,8,,,340,404,0,48
39390008c7d6c34e82780f7a7b5a6457#201103310620_s8_4_frame265.txt,7,,,424,476,198,230
39390008c7d6c34e82780f7a7b5a6457#201103310620_s8_4_frame267.txt,8,,,386,452,24,66
39390008c7d6c34e82780f7a7b5a6457#201103310620_s8_4_frame267.txt,7,,,425,479,198,230
39390008c7d6c34e82780f7a7b5a6457#201103310620_s8_4_frame268.txt,8,,,416,480,33,81
39390008c7d6c34e82780f7a7b5a6457#201103310620_s8_4_frame268.txt,7,,,431,485,198,230
39390008c7d6c34e82780f7a7b5a6457#201103310620_s8_4_frame279.txt,7,,,482,528,198,236
39390008c7d6c34e82780f7a7b5a6457#201103310620_s8_4_frame3.txt,7,,,482,568,212,251
39390008c7d6c34e82780f7a7b5a6457#201103310620_s8_4_frame56.txt,5,,,208,276,200,263
39390008c7d6c34e82780f7a7b5a6457#201103310620_s8_4_frame7.txt,7,,,499,585,209,247
39390008c7d6c34e82780f7a7b5a6457#201103310620_s8_4_frame7.txt,8,,,532,638,77,175
39390008c7d6c34e82780f7a7b5a6457#201103310620_s8_4_frame8.txt,7,,,502,588,209,247
39390008c7d6c34e82780f7a7b5a6457#201103310620_s8_4_frame8.txt,8,,,512,634,84,182
39390008c7d6c34e82780f7a7b5a6457#201103310620_s8_4_frame99.txt,5,,,277,347,159,225
5996091d0966e6df505ce49df2be9a90#201106291050_s4_9_frame107.txt,4,,,281,343,14,83
5996091d0966e6df505ce49df2be9a90#201106291050_s4_9_frame118.txt,5,,,292,344,48,96
5996091d0966e6df505ce49df2be9a90#201106291050_s4_9_frame123.txt,5,,,357,407,36,74
5996091d0966e6df505ce49df2be9a90#201106291050_s4_9_frame123.txt,5,,,375,421,104,137
5996091d0966e6df505ce49df2be9a90#201106291050_s4_9_frame125.txt,5,,,386,450,3,39
5996091d0966e6df505ce49df2be9a90#201106291050_s4_9_frame125.txt,5,,,386,432,110,143
5996091d0966e6df505ce49df2be9a90#201106291050_s4_9_frame139.txt,5,,,94,154,38,78
5996091d0966e6df505ce49df2be9a90#201106291050_s4_9_frame142.txt,5,,,556,612,0,32
5996091d0966e6df505ce49df2be9a90#201106291050_s4_9_frame190.txt,5,,,364,452,344,431
5996091d0966e6df505ce49df2be9a90#201106291050_s4_9_frame192.txt,5,,,352,436,335,409
5996091d0966e6df505ce49df2be9a90#201106291050_s4_9_frame194.txt,5,,,379,453,346,418
5996091d0966e6df505ce49df2be9a90#201106291050_s4_9_frame20.txt,5,,,462,506,33,81
5996091d0966e6df505ce49df2be9a90#201106291050_s4_9_frame20.txt,5,,,504,568,76,112
5996091d0966e6df505ce49df2be9a90#201106291050_s4_9_frame20.txt,5,,,318,374,217,287
5996091d0966e6df505ce49df2be9a90#201106291050_s4_9_frame213.txt,4,,,55,145,2,84
5996091d0966e6df505ce49df2be9a90#201106291050_s4_9_frame214.txt,4,,,62,162,2,84
5996091d0966e6df505ce49df2be9a90#201106291050_s4_9_frame215.txt,4,,,62,170,10,76
5996091d0966e6df505ce49df2be9a90#201106291050_s4_9_frame23.txt,5,,,324,404,214,292
5996091d0966e6df505ce49df2be9a90#201106291050_s4_9_frame23.txt,4,,,20,102,60,144
5996091d0966e6df505ce49df2be9a90#201106291050_s4_9_frame233.txt,5,,,382,456,227,296
5996091d0966e6df505ce49df2be9a90#201106291050_s4_9_frame234.txt,5,,,372,436,227,296
5996091d0966e6df505ce49df2be9a90#201106291050_s4_9_frame238.txt,5,,,275,353,236,294
5996091d0966e6df505ce49df2be9a90#201106291050_s4_9_frame239.txt,5,,,254,310,239,290
5996091d0966e6df505ce49df2be9a90#201106291050_s4_9_frame24.txt,5,,,334,414,214,292
5996091d0966e6df505ce49df2be9a90#201106291050_s4_9_frame24.txt,4,,,42,114,54,134
5996091d0966e6df505ce49df2be9a90#201106291050_s4_9_frame251.txt,4,,,52,122,6,86
5996091d0966e6df505ce49df2be9a90#201106291050_s4_9_frame253.txt,4,,,79,129,57,111
5996091d0966e6df505ce49df2be9a90#201106291050_s4_9_frame264.txt,4,,,33,107,5,67
5996091d0966e6df505ce49df2be9a90#201106291050_s4_9_frame27.txt,4,,,118,206,83,175
5996091d0966e6df505ce49df2be9a90#201106291050_s4_9_frame27.txt,5,,,218,262,104,197
5996091d0966e6df505ce49df2be9a90#201106291050_s4_9_frame27.txt,5,,,390,486,203,271
5996091d0966e6df505ce49df2be9a90#201106291050_s4_9_frame273.txt,5,,,200,258,152,203
5996091d0966e6df505ce49df2be9a90#201106291050_s4_9_frame28.txt,5,,,224,300,134,221
5996091d0966e6df505ce49df2be9a90#201106291050_s4_9_frame28.txt,5,,,400,488,192,266
5996091d0966e6df505ce49df2be9a90#201106291050_s4_9_frame31.txt,5,,,346,460,18,122
5996091d0966e6df505ce49df2be9a90#201106291050_s4_9_frame31.txt,5,,,417,539,158,239
5996091d0966e6df505ce49df2be9a90#201106291050_s4_9_frame36.txt,5,,,494,584,144,218
5996091d0966e6df505ce49df2be9a90#201106291050_s4_9_frame36.txt,4,,,164,296,-2,106
5996091d0966e6df505ce49df2be9a90#201106291050_s4_9_frame38.txt,5,,,541,635,131,193
5996091d0966e6df505ce49df2be9a90#201106291050_s4_9_frame38.txt,4,,,182,310,-1,85
5996091d0966e6df505ce49df2be9a90#201106291050_s4_9_frame42.txt,5,,,546,634,125,199
5996091d0966e6df505ce49df2be9a90#201106291050_s4_9_frame43.txt,5,,,548,636,144,230
5996091d0966e6df505ce49df2be9a90#201106291050_s4_9_frame46.txt,5,,,560,636,158,234
5996091d0966e6df505ce49df2be9a90#201106291050_s4_9_frame49.txt,5,,,567,637,145,209
5996091d0966e6df505ce49df2be9a90#201106291050_s4_9_frame49.txt,5,,,566,638,2,66
5996091d0966e6df505ce49df2be9a90#201106291050_s4_9_frame5.txt,4,,,10,68,88,172
5996091d0966e6df505ce49df2be9a90#201106291050_s4_9_frame5.txt,5,,,338,432,224,300
5996091d0966e6df505ce49df2be9a90#201106291050_s4_9_frame58.txt,4,,,362,466,73,161
5996091d0966e6df505ce49df2be9a90#201106291050_s4_9_frame6.txt,5,,,332,408,224,300
5996091d0966e6df505ce49df2be9a90#201106291050_s4_9_frame61.txt,4,,,376,480,0,90
5996091d0966e6df505ce49df2be9a90#201106291050_s4_9_frame66.txt,4,,,456,542,241,335
5996091d0966e6df505ce49df2be9a90#201106291050_s4_9_frame72.txt,4,,,456,542,241,335
5996091d0966e6df505ce49df2be9a90#201106291050_s4_9_frame9.txt,4,,,115,229,120,198
5996091d0966e6df505ce49df2be9a90#201106291050_s4_9_frame93.txt,5,,,489,583,186,254
5996091d0966e6df505ce49df2be9a90#201106291050_s4_9_frame97.txt,5,,,320,384,144,188
5996091d0966e6df505ce49df2be9a90#201106291050_s4_9_frame98.txt,5,,,283,341,126,168
7cadb2ec9cb2e59616e76fe98e85b43c#201105051700_0_frame10.txt,2,,,434,484,179,248
7cadb2ec9cb2e59616e76fe98e85b43c#201105051700_0_frame11.txt,2,,,401,471,188,258
7cadb2ec9cb2e59616e76fe98e85b43c#201105051700_0_frame14.txt,2,,,420,518,170,246
7cadb2ec9cb2e59616e76fe98e85b43c#201105051700_0_frame17.txt,2,,,455,549,171,243
7cadb2ec9cb2e59616e76fe98e85b43c#201105051700_0_frame17.txt,2,,,502,574,123,195
7cadb2ec9cb2e59616e76fe98e85b43c#201105051700_0_frame199.txt,2,,,322,554,0,66
7cadb2ec9cb2e59616e76fe98e85b43c#201105051700_0_frame201.txt,2,,,248,492,1,77
7cadb2ec9cb2e59616e76fe98e85b43c#201105051700_0_frame24.txt,2,,,455,549,171,243
7cadb2ec9cb2e59616e76fe98e85b43c#201105051700_0_frame24.txt,2,,,390,518,110,186
7cadb2ec9cb2e59616e76fe98e85b43c#201105051700_0_frame242.txt,2,,,64,164,125,188
7cadb2ec9cb2e59616e76fe98e85b43c#201105051700_0_frame29.txt,2,,,477,547,180,240
7cadb2ec9cb2e59616e76fe98e85b43c#201105051700_0_frame31.txt,2,,,477,547,180,240
7cadb2ec9cb2e59616e76fe98e85b43c#201105051700_0_frame32.txt,2,,,477,547,180,240
7cadb2ec9cb2e59616e76fe98e85b43c#201105051700_0_frame40.txt,2,,,474,544,180,240
7cadb2ec9cb2e59616e76fe98e85b43c#201105051700_0_frame45.txt,2,,,480,544,189,237
7cadb2ec9cb2e59616e76fe98e85b43c#201105051700_0_frame47.txt,2,,,480,544,189,237
7cadb2ec9cb2e59616e76fe98e85b43c#201105051700_0_frame6.txt,2,,,445,579,160,268
7cadb2ec9cb2e59616e76fe98e85b43c#201105051700_0_frame7.txt,2,,,435,569,172,268
8c1a070baba446762959a70682158553#201206061330_s1_8_frame10.txt,5,,,293,340,121,169
8c1a070baba446762959a70682158553#201206061330_s1_8_frame11.txt,5,,,294,334,121,169
8c1a070baba446762959a70682158553#201206061330_s1_8_frame120.txt,5,,,348,409,164,227
8c1a070baba446762959a70682158553#201206061330_s1_8_frame121.txt,5,,,349,407,174,231
8c1a070baba446762959a70682158553#201206061330_s1_8_frame122.txt,5,,,334,390,192,233
8c1a070baba446762959a70682158553#201206061330_s1_8_frame123.txt,5,,,325,395,193,239
8c1a070baba446762959a70682158553#201206061330_s1_8_frame129.txt,5,,,268,336,159,212
8c1a070baba446762959a70682158553#201206061330_s1_8_frame130.txt,5,,,264,332,153,206
8c1a070baba446762959a70682158553#201206061330_s1_8_frame131.txt,5,,,259,317,143,192
8c1a070baba446762959a70682158553#201206061330_s1_8_frame140.txt,5,,,257,295,101,144
8c1a070baba446762959a70682158553#201206061330_s1_8_frame141.txt,5,,,264,300,98,137
8c1a070baba446762959a70682158553#201206061330_s1_8_frame142.txt,5,,,259,302,92,132
8c1a070baba446762959a70682158553#201206061330_s1_8_frame144.txt,5,,,268,312,80,127
8c1a070baba446762959a70682158553#201206061330_s1_8_frame146.txt,5,,,277,315,74,122
8c1a070baba446762959a70682158553#201206061330_s1_8_frame149.txt,5,,,280,328,67,107
8c1a070baba446762959a70682158553#201206061330_s1_8_frame151.txt,5,,,297,339,61,101
8c1a070baba446762959a70682158553#201206061330_s1_8_frame153.txt,5,,,305,355,56,98
8c1a070baba446762959a70682158553#201206061330_s1_8_frame201.txt,1,,,109,279,1,190
8c1a070baba446762959a70682158553#201206061330_s1_8_frame202.txt,1,,,125,285,2,199
8c1a070baba446762959a70682158553#201206061330_s1_8_frame206.txt,1,,,204,353,24,246
8c1a070baba446762959a70682158553#201206061330_s1_8_frame217.txt,1,,,305,567,161,332
8c1a070baba446762959a70682158553#201206061330_s1_8_frame225.txt,1,,,488,636,224,350
8c1a070baba446762959a70682158553#201206061330_s1_8_frame226.txt,1,,,506,636,228,348
8c1a070baba446762959a70682158553#201206061330_s1_8_frame229.txt,5,,,379,429,100,158
8c1a070baba446762959a70682158553#201206061330_s1_8_frame230.txt,5,,,379,429,100,158
8c1a070baba446762959a70682158553#201206061330_s1_8_frame263.txt,1,,,411,561,300,390
8c1a070baba446762959a70682158553#201206061330_s1_8_frame265.txt,1,,,392,542,301,391
8c1a070baba446762959a70682158553#201206061330_s1_8_frame268.txt,1,,,346,495,308,387
8c1a070baba446762959a70682158553#201206061330_s1_8_frame269.txt,1,,,337,487,308,387
8c1a070baba446762959a70682158553#201206061330_s1_8_frame278.txt,1,,,159,286,227,320
8c1a070baba446762959a70682158553#201206061330_s1_8_frame281.txt,1,,,115,185,225,315
8c1a070baba446762959a70682158553#201206061330_s1_8_frame39.txt,5,,,343,382,185,226
8c1a070baba446762959a70682158553#201206061330_s1_8_frame48.txt,5,,,369,419,200,242
8c1a070baba446762959a70682158553#201206061330_s1_8_frame50.txt,5,,,375,425,203,245
8c1a070baba446762959a70682158553#201206061330_s1_8_frame749.txt,5,,,234,286,167,203
8c1a070baba446762959a70682158553#201206061330_s1_8_frame750.txt,5,,,236,288,167,204
8c1a070baba446762959a70682158553#201206061330_s1_8_frame757.txt,5,,,276,313,164,200
8c1a070baba446762959a70682158553#201206061330_s1_8_frame758.txt,5,,,279,314,163,200
8c1a070baba446762959a70682158553#201206061330_s1_8_frame775.txt,5,,,315,361,141,179
8c1a070baba446762959a70682158553#201206061330_s1_8_frame795.txt,5,,,312,392,125,173
8c1a070baba446762959a70682158553#201206061330_s1_8_frame796.txt,5,,,295,382,116,169
8c1a070baba446762959a70682158553#201206061330_s1_8_frame799.txt,5,,,273,343,95,150
8c1a070baba446762959a70682158553#201206061330_s1_8_frame800.txt,5,,,270,338,94,146
8c1a070baba446762959a70682158553#201206061330_s1_8_frame802.txt,5,,,265,327,89,134
8c1a070baba446762959a70682158553#201206061330_s1_8_frame9.txt,5,,,293,340,122,164
9a6b9ffe9080ad8359f85c47ab5f2b23#201106181650_s5_1_frame0.txt,1,,,378,474,138,228
9a6b9ffe9080ad8359f85c47ab5f2b23#201106181650_s5_1_frame128.txt,4,,,310,414,170,239
9a6b9ffe9080ad8359f85c47ab5f2b23#201106181650_s5_1_frame128.txt,5,,,366,410,97,131
9a6b9ffe9080ad8359f85c47ab5f2b23#201106181650_s5_1_frame196.txt,4,,,83,149,99,159
9a6b9ffe9080ad8359f85c47ab5f2b23#201106181650_s5_1_frame197.txt,4,,,90,162,111,171
9a6b9ffe9080ad8359f85c47ab5f2b23#201106181650_s5_1_frame200.txt,4,,,134,194,141,195
9a6b9ffe9080ad8359f85c47ab5f2b23#201106181650_s5_1_frame203.txt,4,,,116,158,126,180
9a6b9ffe9080ad8359f85c47ab5f2b23#201106181650_s5_1_frame280.txt,5,,,248,472,256,454
9a6b9ffe9080ad8359f85c47ab5f2b23#201106181650_s5_1_frame280.txt,4,,,507,589,329,397
9a6b9ffe9080ad8359f85c47ab5f2b23#201106181650_s5_1_frame281.txt,4,,,507,589,336,404
9a6b9ffe9080ad8359f85c47ab5f2b23#201106181650_s5_1_frame281.txt,5,,,212,388,300,482
9a6b9ffe9080ad8359f85c47ab5f2b23#201106181650_s5_1_frame34.txt,4,,,306,466,74,179
9a6b9ffe9080ad8359f85c47ab5f2b23#201106181650_s5_1_frame34.txt,5,,,120,168,11,61
9a6b9ffe9080ad8359f85c47ab5f2b23#201106181650_s5_1_frame39.txt,5,,,214,264,108,168
9a6b9ffe9080ad8359f85c47ab5f2b23#201106181650_s5_1_frame39.txt,4,,,449,587,106,184
9a6b9ffe9080ad8359f85c47ab5f2b23#201106181650_s5_1_frame39.txt,5,,,514,570,1,35
9a6b9ffe9080ad8359f85c47ab5f2b23#201106181650_s5_1_frame40.txt,5,,,232,282,129,189
9a6b9ffe9080ad8359f85c47ab5f2b23#201106181650_s5_1_frame40.txt,4,,,483,613,117,195
9a6b9ffe9080ad8359f85c47ab5f2b23#201106181650_s5_1_frame40.txt,5,,,536,592,0,30
9a6b9ffe9080ad8359f85c47ab5f2b23#201106181650_s5_1_frame44.txt,5,,,316,356,154,202
9a6b9ffe9080ad8359f85c47ab5f2b23#201106181650_s5_1_frame44.txt,5,,,270,314,182,239
9a6b9ffe9080ad8359f85c47ab5f2b23#201106181650_s5_1_frame44.txt,4,,,522,630,108,182
9a6b9ffe9080ad8359f85c47ab5f2b23#201106181650_s5_1_frame44.txt,5,,,585,631,7,41
9a6b9ffe9080ad8359f85c47ab5f2b23#201106181650_s5_1_frame46.txt,5,,,332,372,166,214
9a6b9ffe9080ad8359f85c47ab5f2b23#201106181650_s5_1_frame46.txt,5,,,261,307,173,217
9a6b9ffe9080ad8359f85c47ab5f2b23#201106181650_s5_1_frame46.txt,4,,,500,620,111,189
9a6b9ffe9080ad8359f85c47ab5f2b23#201106181650_s5_1_frame48.txt,5,,,224,270,137,181
9a6b9ffe9080ad8359f85c47ab5f2b23#201106181650_s5_1_frame48.txt,5,,,332,392,160,208
9a6b9ffe9080ad8359f85c47ab5f2b23#201106181650_s5_1_frame48.txt,1,,,257,351,228,296
9a6b9ffe9080ad8359f85c47ab5f2b23#201106181650_s5_1_frame48.txt,4,,,478,598,111,201
9a6b9ffe9080ad8359f85c47ab5f2b23#201106181650_s5_1_frame50.txt,5,,,191,237,116,155
9a6b9ffe9080ad8359f85c47ab5f2b23#201106181650_s5_1_frame50.txt,5,,,336,400,153,201
9a6b9ffe9080ad8359f85c47ab5f2b23#201106181650_s5_1_frame50.txt,1,,,300,368,224,293
9a6b9ffe9080ad8359f85c47ab5f2b23#201106181650_s5_1_frame50.txt,4,,,463,569,112,220
9a6b9ffe9080ad8359f85c47ab5f2b23#201106181650_s5_1_frame52.txt,1,,,296,402,228,326
9a6b9ffe9080ad8359f85c47ab5f2b23#201106181650_s5_1_frame52.txt,5,,,350,398,150,198
9a6b9ffe9080ad8359f85c47ab5f2b23#201106181650_s5_1_frame52.txt,4,,,459,517,169,275
9a6b9ffe9080ad8359f85c47ab5f2b23#201106181650_s5_1_frame54.txt,1,,,316,422,254,354
9a6b9ffe9080ad8359f85c47ab5f2b23#201106181650_s5_1_frame54.txt,4,,,442,488,202,286
9a6b9ffe9080ad8359f85c47ab5f2b23#201106181650_s5_1_frame61.txt,4,,,316,428,216,284
9a6b9ffe9080ad8359f85c47ab5f2b23#201106181650_s5_1_frame61.txt,1,,,336,440,271,359
9a6b9ffe9080ad8359f85c47ab5f2b23#201106181650_s5_1_frame66.txt,4,,,302,342,254,311
9a6b9ffe9080ad8359f85c47ab5f2b23#201106181650_s5_1_frame66.txt,1,,,392,448,240,360
9a6b9ffe9080ad8359f85c47ab5f2b23#201106181650_s5_1_frame66.txt,5,,,164,200,137,170
9a6b9ffe9080ad8359f85c47ab5f2b23#201106181650_s5_1_frame70.txt,5,,,117,171,116,161
9a6b9ffe9080ad8359f85c47ab5f2b23#201106181650_s5_1_frame70.txt,4,,,267,337,284,348
9a6b9ffe9080ad8359f85c47ab5f2b23#201106181650_s5_1_frame70.txt,1,,,395,461,217,353
9a6b9ffe9080ad8359f85c47ab5f2b23#201106181650_s5_1_frame70.txt,5,,,308,356,23,56
9a6b9ffe9080ad8359f85c47ab5f2b23#201106181650_s5_1_frame77.txt,1,,,389,447,212,360
9a6b9ffe9080ad8359f85c47ab5f2b23#201106181650_s5_1_frame77.txt,5,,,10,68,74,126
9c333821ab0e2a9e4c5209065c415309#201102031130_s3_3_frame19.txt,5,,,224,372,2,89
9c333821ab0e2a9e4c5209065c415309#201102031130_s3_3_frame2.txt,5,,,65,255,78,216
c969b3d66925a2387f01fb0a6a9ae06c#201104061510_s4_0_frame100.txt,5,,,160,316,18,152
c969b3d66925a2387f01fb0a6a9ae06c#201104061510_s4_0_frame100.txt,1,,,114,186,113,176
c969b3d66925a2387f01fb0a6a9ae06c#201104061510_s4_0_frame105.txt,5,,,30,206,0,122
c969b3d66925a2387f01fb0a6a9ae06c#201104061510_s4_0_frame12.txt,9,,,458,520,155,212
c969b3d66925a2387f01fb0a6a9ae06c#201104061510_s4_0_frame122.txt,5,,,150,300,11,133
c969b3d66925a2387f01fb0a6a9ae06c#201104061510_s4_0_frame133.txt,5,,,474,622,5,121
c969b3d66925a2387f01fb0a6a9ae06c#201104061510_s4_0_frame133.txt,5,,,222,372,268,418
c969b3d66925a2387f01fb0a6a9ae06c#201104061510_s4_0_frame134.txt,5,,,486,638,1,107
c969b3d66925a2387f01fb0a6a9ae06c#201104061510_s4_0_frame134.txt,5,,,241,383,274,424
c969b3d66925a2387f01fb0a6a9ae06c#201104061510_s4_0_frame136.txt,5,,,305,391,281,422
c969b3d66925a2387f01fb0a6a9ae06c#201104061510_s4_0_frame137.txt,5,,,322,390,285,423
c969b3d66925a2387f01fb0a6a9ae06c#201104061510_s4_0_frame186.txt,5,,,254,306,240,296
c969b3d66925a2387f01fb0a6a9ae06c#201104061510_s4_0_frame187.txt,5,,,248,290,242,288
c969b3d66925a2387f01fb0a6a9ae06c#201104061510_s4_0_frame196.txt,0,,,396,464,210,254
c969b3d66925a2387f01fb0a6a9ae06c#201104061510_s4_0_frame197.txt,0,,,402,470,209,253
c969b3d66925a2387f01fb0a6a9ae06c#201104061510_s4_0_frame2.txt,0,,,590,638,107,151
c969b3d66925a2387f01fb0a6a9ae06c#201104061510_s4_0_frame211.txt,0,,,344,408,255,315
c969b3d66925a2387f01fb0a6a9ae06c#201104061510_s4_0_frame214.txt,5,,,440,596,44,203
c969b3d66925a2387f01fb0a6a9ae06c#201104061510_s4_0_frame215.txt,5,,,444,600,35,193
c969b3d66925a2387f01fb0a6a9ae06c#201104061510_s4_0_frame216.txt,5,,,452,614,14,168
c969b3d66925a2387f01fb0a6a9ae06c#201104061510_s4_0_frame218.txt,5,,,462,646,-1,134
c969b3d66925a2387f01fb0a6a9ae06c#201104061510_s4_0_frame218.txt,5,,,358,482,126,246
c969b3d66925a2387f01fb0a6a9ae06c#201104061510_s4_0_frame219.txt,5,,,370,520,106,220
c969b3d66925a2387f01fb0a6a9ae06c#201104061510_s4_0_frame224.txt,5,,,442,636,18,152
c969b3d66925a2387f01fb0a6a9ae06c#201104061510_s4_0_frame255.txt,0,,,351,433,270,318
c969b3d66925a2387f01fb0a6a9ae06c#201104061510_s4_0_frame255.txt,4,,,476,534,155,217
c969b3d66925a2387f01fb0a6a9ae06c#201104061510_s4_0_frame258.txt,0,,,376,460,234,284
c969b3d66925a2387f01fb0a6a9ae06c#201104061510_s4_0_frame263.txt,0,,,415,497,198,242
c969b3d66925a2387f01fb0a6a9ae06c#201104061510_s4_0_frame263.txt,4,,,272,362,17,79
c969b3d66925a2387f01fb0a6a9ae06c#201104061510_s4_0_frame266.txt,0,,,430,502,186,234
c969b3d66925a2387f01fb0a6a9ae06c#201104061510_s4_0_frame266.txt,4,,,314,398,39,111
c969b3d66925a2387f01fb0a6a9ae06c#201104061510_s4_0_frame267.txt,0,,,440,492,188,233
c969b3d66925a2387f01fb0a6a9ae06c#201104061510_s4_0_frame267.txt,4,,,318,390,53,110
c969b3d66925a2387f01fb0a6a9ae06c#201104061510_s4_0_frame284.txt,1,,,169,223,149,205
c969b3d66925a2387f01fb0a6a9ae06c#201104061510_s4_0_frame285.txt,1,,,148,206,131,182
c969b3d66925a2387f01fb0a6a9ae06c#201104061510_s4_0_frame286.txt,1,,,128,188,118,166
c969b3d66925a2387f01fb0a6a9ae06c#201104061510_s4_0_frame38.txt,4,,,354,544,105,291
c969b3d66925a2387f01fb0a6a9ae06c#201104061510_s4_0_frame41.txt,4,,,286,478,17,170
c969b3d66925a2387f01fb0a6a9ae06c#201104061510_s4_0_frame48.txt,8,,,224,422,125,254
c969b3d66925a2387f01fb0a6a9ae06c#201104061510_s4_0_frame48.txt,9,,,521,591,287,332
c969b3d66925a2387f01fb0a6a9ae06c#201104061510_s4_0_frame61.txt,5,,,374,426,93,141
c969b3d66925a2387f01fb0a6a9ae06c#201104061510_s4_0_frame61.txt,0,,,526,592,107,158
c969b3d66925a2387f01fb0a6a9ae06c#201104061510_s4_0_frame8.txt,4,,,267,361,2,60
e5ba61c6ff390be2fbad5f9d7aa8f1d7#201108061200_0_frame124.txt,5,,,116,502,80,420
e5ba61c6ff390be2fbad5f9d7aa8f1d7#201108061200_0_frame139.txt,5,,,128,264,95,205
e5ba61c6ff390be2fbad5f9d7aa8f1d7#201108061200_0_frame142.txt,5,,,116,260,77,193
e5ba61c6ff390be2fbad5f9d7aa8f1d7#201108061200_0_frame144.txt,5,,,102,246,68,185
e5ba61c6ff390be2fbad5f9d7aa8f1d7#201108061200_0_frame146.txt,5,,,119,225,60,176
e5ba61c6ff390be2fbad5f9d7aa8f1d7#201108061200_0_frame147.txt,5,,,119,225,59,175
e5ba61c6ff390be2fbad5f9d7aa8f1d7#201108061200_0_frame152.txt,5,,,108,204,67,155
e5ba61c6ff390be2fbad5f9d7aa8f1d7#201108061200_0_frame156.txt,5,,,59,173,35,146
e5ba61c6ff390be2fbad5f9d7aa8f1d7#201108061200_0_frame181.txt,5,,,21,187,179,326
e5ba61c6ff390be2fbad5f9d7aa8f1d7#201108061200_0_frame184.txt,5,,,88,266,197,355
e5ba61c6ff390be2fbad5f9d7aa8f1d7#201108061200_0_frame185.txt,5,,,114,282,197,355
e5ba61c6ff390be2fbad5f9d7aa8f1d7#201108061200_0_frame190.txt,5,,,2,378,0,480
e5ba61c6ff390be2fbad5f9d7aa8f1d7#201108061200_0_frame192.txt,5,,,3,521,0,480
e5ba61c6ff390be2fbad5f9d7aa8f1d7#201108061200_0_frame197.txt,5,,,2,636,0,480
e5ba61c6ff390be2fbad5f9d7aa8f1d7#201108061200_0_frame198.txt,5,,,2,636,0,480
e5ba61c6ff390be2fbad5f9d7aa8f1d7#201108061200_0_frame438.txt,5,,,6,490,2,449
e5ba61c6ff390be2fbad5f9d7aa8f1d7#201108061200_0_frame440.txt,5,,,6,546,2,474
fe16e25855b7fe76e58dd968b328e09b#201104140610_s8_4_frame104.txt,9,,,381,491,112,196
fe16e25855b7fe76e58dd968b328e09b#201104140610_s8_4_frame104.txt,1,,,175,257,90,156
fe16e25855b7fe76e58dd968b328e09b#201104140610_s8_4_frame105.txt,9,,,370,470,125,199
fe16e25855b7fe76e58dd968b328e09b#201104140610_s8_4_frame105.txt,1,,,136,218,69,129
fe16e25855b7fe76e58dd968b328e09b#201104140610_s8_4_frame110.txt,9,,,318,402,173,236
fe16e25855b7fe76e58dd968b328e09b#201104140610_s8_4_frame111.txt,9,,,311,385,181,245
fe16e25855b7fe76e58dd968b328e09b#201104140610_s8_4_frame112.txt,9,,,308,364,191,254
fe16e25855b7fe76e58dd968b328e09b#201104140610_s8_4_frame129.txt,5,,,129,179,69,117
fe16e25855b7fe76e58dd968b328e09b#201104140610_s8_4_frame135.txt,5,,,171,221,65,97
fe16e25855b7fe76e58dd968b328e09b#201104140610_s8_4_frame137.txt,5,,,170,214,44,83
fe16e25855b7fe76e58dd968b328e09b#201104140610_s8_4_frame141.txt,5,,,166,210,24,62
fe16e25855b7fe76e58dd968b328e09b#201104140610_s8_4_frame147.txt,5,,,158,202,36,72
fe16e25855b7fe76e58dd968b328e09b#201104140610_s8_4_frame159.txt,5,,,122,172,46,82
fe16e25855b7fe76e58dd968b328e09b#201104140610_s8_4_frame162.txt,5,,,112,162,40,76
fe16e25855b7fe76e58dd968b328e09b#201104140610_s8_4_frame162.txt,5,,,424,500,3,51
fe16e25855b7fe76e58dd968b328e09b#201104140610_s8_4_frame163.txt,5,,,109,159,42,78
fe16e25855b7fe76e58dd968b328e09b#201104140610_s8_4_frame165.txt,5,,,488,532,14,77
fe16e25855b7fe76e58dd968b328e09b#201104140610_s8_4_frame165.txt,5,,,514,586,0,72
fe16e25855b7fe76e58dd968b328e09b#201104140610_s8_4_frame166.txt,5,,,381,443,2,114
fe16e25855b7fe76e58dd968b328e09b#201104140610_s8_4_frame166.txt,5,,,539,613,33,105
fe16e25855b7fe76e58dd968b328e09b#201104140610_s8_4_frame169.txt,5,,,304,380,10,124
fe16e25855b7fe76e58dd968b328e09b#201104140610_s8_4_frame169.txt,5,,,570,634,65,110
fe16e25855b7fe76e58dd968b328e09b#201104140610_s8_4_frame171.txt,5,,,286,362,2,113
fe16e25855b7fe76e58dd968b328e09b#201104140610_s8_4_frame171.txt,5,,,576,640,54,104
fe16e25855b7fe76e58dd968b328e09b#201104140610_s8_4_frame171.txt,5,,,544,580,118,178
fe16e25855b7fe76e58dd968b328e09b#201104140610_s8_4_frame172.txt,5,,,270,346,1,107
fe16e25855b7fe76e58dd968b328e09b#201104140610_s8_4_frame172.txt,5,,,588,640,54,104
fe16e25855b7fe76e58dd968b328e09b#201104140610_s8_4_frame172.txt,5,,,550,586,141,201
fe16e25855b7fe76e58dd968b328e09b#201104140610_s8_4_frame185.txt,5,,,212,392,224,479
fe16e25855b7fe76e58dd968b328e09b#201104140610_s8_4_frame190.txt,5,,,216,332,247,419
fe16e25855b7fe76e58dd968b328e09b#201104140610_s8_4_frame190.txt,5,,,360,450,13,83
fe16e25855b7fe76e58dd968b328e09b#201104140610_s8_4_frame192.txt,5,,,214,316,236,396
fe16e25855b7fe76e58dd968b328e09b#201104140610_s8_4_frame192.txt,5,,,402,476,1,71
fe16e25855b7fe76e58dd968b328e09b#201104140610_s8_4_frame193.txt,5,,,203,309,224,354
fe16e25855b7fe76e58dd968b328e09b#201104140610_s8_4_frame193.txt,5,,,426,494,0,66
fe16e25855b7fe76e58dd968b328e09b#201104140610_s8_4_frame195.txt,5,,,194,320,170,318
fe16e25855b7fe76e58dd968b328e09b#201104140610_s8_4_frame195.txt,5,,,444,512,0,62
fe16e25855b7fe76e58dd968b328e09b#201104140610_s8_4_frame223.txt,5,,,518,582,20,60
fe16e25855b7fe76e58dd968b328e09b#201104140610_s8_4_frame227.txt,1,,,414,492,106,148
fe16e25855b7fe76e58dd968b328e09b#201104140610_s8_4_frame227.txt,5,,,513,559,56,90
fe16e25855b7fe76e58dd968b328e09b#201104140610_s8_4_frame229.txt,1,,,437,515,105,147
fe16e25855b7fe76e58dd968b328e09b#201104140610_s8_4_frame230.txt,1,,,446,514,105,147
fe16e25855b7fe76e58dd968b328e09b#201104140610_s8_4_frame262.txt,9,,,242,294,240,288
fe16e25855b7fe76e58dd968b328e09b#201104140610_s8_4_frame264.txt,9,,,256,302,244,292
fe16e25855b7fe76e58dd968b328e09b#201104140610_s8_4_frame94.txt,5,,,416,460,93,135
fe16e25855b7fe76e58dd968b328e09b#201104140610_s8_4_frame97.txt,5,,,396,452,104,149
