,img,class,cls_conf,obj_conf,xmin,xmax,ymin,ymax,iou,label
1,01465f8f61db58564cd37ce2dfc519c5#201106090830_0_frame15.txt,3,0.374855,0.377023,474,555,215,298,0.83,5.0
2,01465f8f61db58564cd37ce2dfc519c5#201106090830_0_frame155.txt,0,0.274862,0.276366,9,62,130,193,0.2988768322863125,5.0
3,01465f8f61db58564cd37ce2dfc519c5#201106090830_0_frame155.txt,3,0.708479,0.709997,377,428,56,122,0.9102063580591185,5.0
4,01465f8f61db58564cd37ce2dfc519c5#201106090830_0_frame162.txt,2,0.257919,0.269762,21,78,131,213,1.7036526533425218,5.0
5,01465f8f61db58564cd37ce2dfc519c5#201106090830_0_frame162.txt,0,0.3448,0.349397,22,78,134,215,1.0883229477106473,5.0
6,01465f8f61db58564cd37ce2dfc519c5#201106090830_0_frame162.txt,3,0.73093,0.732184,389,439,90,146,0.8827238335435055,5.0
7,01465f8f61db58564cd37ce2dfc519c5#201106090830_0_frame164.txt,2,0.300365,0.304468,21,78,131,215,1.6392572944297077,5.0
8,01465f8f61db58564cd37ce2dfc519c5#201106090830_0_frame164.txt,0,0.446928,0.452358,22,78,134,215,1.0883229477106473,5.0
9,01465f8f61db58564cd37ce2dfc519c5#201106090830_0_frame164.txt,3,0.733575,0.734845,389,439,90,146,0.8827238335435055,5.0
10,01465f8f61db58564cd37ce2dfc519c5#201106090830_0_frame166.txt,0,0.692331,0.693849,19,93,137,223,1.4327343370568233,5.0
11,01465f8f61db58564cd37ce2dfc519c5#201106090830_0_frame166.txt,3,0.72718,0.728507,387,441,97,158,0.8439490445859871,5.0
12,01465f8f61db58564cd37ce2dfc519c5#201106090830_0_frame167.txt,0,0.694278,0.695791,19,93,137,223,1.4327343370568233,5.0
13,01465f8f61db58564cd37ce2dfc519c5#201106090830_0_frame167.txt,3,0.72718,0.728507,387,441,97,158,0.8439490445859871,5.0
14,01465f8f61db58564cd37ce2dfc519c5#201106090830_0_frame19.txt,3,0.294694,0.29638,489,553,218,300,0.8982211626627543,5.0
16,01465f8f61db58564cd37ce2dfc519c5#201106090830_0_frame200.txt,3,0.302858,0.313875,506,554,119,156,0.8208955223880593,5.0
17,01465f8f61db58564cd37ce2dfc519c5#201106090830_0_frame200.txt,3,0.468697,0.475846,435,490,152,191,0.8346930012881062,5.0
18,01465f8f61db58564cd37ce2dfc519c5#201106090830_0_frame201.txt,3,0.399042,0.400829,443,497,148,190,0.8455079764903439,5.0
19,01465f8f61db58564cd37ce2dfc519c5#201106090830_0_frame203.txt,3,0.400204,0.402635,444,500,144,188,0.7553516819571863,5.0
30,01465f8f61db58564cd37ce2dfc519c5#201106090830_0_frame334.txt,3,0.608113,0.610577,489,625,278,365,0.7167004732927653,5.0
31,01465f8f61db58564cd37ce2dfc519c5#201106090830_0_frame337.txt,3,0.384093,0.385477,483,585,281,361,0.8220640569395016,5.0
32,01465f8f61db58564cd37ce2dfc519c5#201106090830_0_frame339.txt,3,0.443863,0.445868,470,559,278,359,0.7441021013278328,5.0
39,01465f8f61db58564cd37ce2dfc519c5#201106090830_0_frame440.txt,3,0.430069,0.432523,508,632,326,431,1.7188449848024314,5.0
40,01465f8f61db58564cd37ce2dfc519c5#201106090830_0_frame441.txt,3,0.568065,0.571691,507,633,326,438,0.8384353741496597,5.0
41,01465f8f61db58564cd37ce2dfc519c5#201106090830_0_frame450.txt,3,0.353451,0.356547,487,538,183,222,0.302304964539007,5.0
42,01465f8f61db58564cd37ce2dfc519c5#201106090830_0_frame450.txt,3,0.536421,0.541285,530,634,330,447,0.9726805517987557,5.0
43,01465f8f61db58564cd37ce2dfc519c5#201106090830_0_frame450.txt,3,0.718861,0.720828,574,632,171,218,0.7848716169326854,5.0
44,01465f8f61db58564cd37ce2dfc519c5#201106090830_0_frame452.txt,3,0.33991,0.343081,487,538,183,222,0.302304964539007,5.0
45,01465f8f61db58564cd37ce2dfc519c5#201106090830_0_frame452.txt,3,0.50819,0.51269,530,632,330,447,0.9725123694337547,5.0
46,01465f8f61db58564cd37ce2dfc519c5#201106090830_0_frame452.txt,3,0.717786,0.719766,574,632,171,218,0.7848716169326854,5.0
48,01465f8f61db58564cd37ce2dfc519c5#201106090830_0_frame453.txt,3,0.619409,0.621772,555,618,168,210,0.8860335195530723,5.0
66,01465f8f61db58564cd37ce2dfc519c5#201106090830_0_frame680.txt,3,0.601899,0.603526,507,595,217,317,0.827272727272727,5.0
67,01465f8f61db58564cd37ce2dfc519c5#201106090830_0_frame681.txt,3,0.628969,0.631561,508,592,207,302,0.8933002481389577,5.0
68,01465f8f61db58564cd37ce2dfc519c5#201106090830_0_frame682.txt,3,0.636575,0.63916,508,592,207,302,0.8933002481389577,5.0
69,01465f8f61db58564cd37ce2dfc519c5#201106090830_0_frame684.txt,2,0.330567,0.333088,182,236,151,209,0.27919320594479824,5.0
70,01465f8f61db58564cd37ce2dfc519c5#201106090830_0_frame684.txt,3,0.68786,0.693209,500,597,197,291,0.958518840264958,5.0
71,01465f8f61db58564cd37ce2dfc519c5#201106090830_0_frame685.txt,2,0.328593,0.331054,182,236,151,209,0.27919320594479824,5.0
72,01465f8f61db58564cd37ce2dfc519c5#201106090830_0_frame685.txt,3,0.689339,0.694822,500,597,198,291,0.9687225636523265,5.0
73,01465f8f61db58564cd37ce2dfc519c5#201106090830_0_frame691.txt,3,0.699578,0.704155,511,609,178,269,0.9325438781983504,5.0
75,01465f8f61db58564cd37ce2dfc519c5#201106090830_0_frame712.txt,3,0.330622,0.33165,395,445,106,142,0.8990634755463055,5.0
76,01465f8f61db58564cd37ce2dfc519c5#201106090830_0_frame712.txt,3,0.697801,0.698349,521,635,152,245,0.8557130942452043,5.0
77,01465f8f61db58564cd37ce2dfc519c5#201106090830_0_frame714.txt,3,0.496782,0.500571,408,456,103,136,0.8799999999999996,5.0
78,01465f8f61db58564cd37ce2dfc519c5#201106090830_0_frame714.txt,3,0.635742,0.638805,376,433,68,105,0.7301173402868315,5.0
79,01465f8f61db58564cd37ce2dfc519c5#201106090830_0_frame714.txt,3,0.657688,0.658405,516,632,150,246,0.889750505731625,5.0
80,01465f8f61db58564cd37ce2dfc519c5#201106090830_0_frame715.txt,3,0.477619,0.481437,408,456,103,136,0.8799999999999996,5.0
81,01465f8f61db58564cd37ce2dfc519c5#201106090830_0_frame715.txt,3,0.637038,0.640199,516,636,152,243,0.8926014319809068,5.0
82,01465f8f61db58564cd37ce2dfc519c5#201106090830_0_frame715.txt,3,0.681595,0.682618,370,423,68,104,0.8947368421052627,5.0
84,01465f8f61db58564cd37ce2dfc519c5#201106090830_0_frame747.txt,3,0.467645,0.472089,469,508,124,179,0.8969696969696966,5.0
85,01465f8f61db58564cd37ce2dfc519c5#201106090830_0_frame753.txt,3,0.440289,0.444785,398,526,399,480,1.8692098092643048,5.0
86,01465f8f61db58564cd37ce2dfc519c5#201106090830_0_frame754.txt,3,0.266879,0.268269,479,521,152,202,0.8445945945945943,5.0
87,01465f8f61db58564cd37ce2dfc519c5#201106090830_0_frame754.txt,3,0.385084,0.392074,399,527,398,480,1.7905553126366416,5.0
88,01465f8f61db58564cd37ce2dfc519c5#201106090830_0_frame759.txt,3,0.55216,0.554927,380,517,360,476,0.8475505727516451,5.0
89,01465f8f61db58564cd37ce2dfc519c5#201106090830_0_frame759.txt,3,0.609309,0.61212,493,544,165,215,0.8752735229759296,5.0
90,01465f8f61db58564cd37ce2dfc519c5#201106090830_0_frame761.txt,3,0.553743,0.556406,380,517,362,478,0.8772907379891034,5.0
91,01465f8f61db58564cd37ce2dfc519c5#201106090830_0_frame761.txt,3,0.610054,0.612826,493,544,167,215,0.8394160583941603,5.0
92,01465f8f61db58564cd37ce2dfc519c5#201106090830_0_frame769.txt,3,0.299865,0.301169,541,584,71,125,0.7924203273040479,5.0
93,01465f8f61db58564cd37ce2dfc519c5#201106090830_0_frame769.txt,3,0.558449,0.561183,349,541,327,476,0.9300545302013423,5.0
94,01465f8f61db58564cd37ce2dfc519c5#201106090830_0_frame769.txt,3,0.670214,0.674383,513,568,182,231,0.8649572649572647,5.0
95,01465f8f61db58564cd37ce2dfc519c5#201106090830_0_frame771.txt,3,0.344735,0.345783,539,577,86,134,0.8751279426816782,5.0
96,01465f8f61db58564cd37ce2dfc519c5#201106090830_0_frame771.txt,3,0.616015,0.629877,341,540,321,474,0.9382186208884477,5.0
97,01465f8f61db58564cd37ce2dfc519c5#201106090830_0_frame771.txt,3,0.656185,0.661473,517,571,179,235,0.7771260997067446,5.0
100,01465f8f61db58564cd37ce2dfc519c5#201106090830_0_frame778.txt,3,0.684002,0.701656,318,536,317,476,0.8752128021790944,5.0
101,07baf895b711927a078c12eb6deb88b0#201011270630_0_frame100.txt,3,0.691233,0.694429,359,414,15,56,7.802761341222864,2.0
102,07baf895b711927a078c12eb6deb88b0#201011270630_0_frame100.txt,3,0.769054,0.769994,165,247,122,196,6.2295786758383445,8.0
103,07baf895b711927a078c12eb6deb88b0#201011270630_0_frame102.txt,3,0.284981,0.285581,373,412,15,53,0.9249011857707504,8.0
104,07baf895b711927a078c12eb6deb88b0#201011270630_0_frame102.txt,3,0.614442,0.615746,166,240,140,215,1.0060975609756095,8.0
105,07baf895b711927a078c12eb6deb88b0#201011270630_0_frame12.txt,3,0.364141,0.36696,427,473,125,167,0.714964370546318,2.0
106,07baf895b711927a078c12eb6deb88b0#201011270630_0_frame128.txt,3,0.665064,0.666127,156,232,159,240,0.7766780080420661,5.0
107,07baf895b711927a078c12eb6deb88b0#201011270630_0_frame135.txt,3,0.348734,0.349362,297,344,32,72,3.545454545454542,2.0
108,07baf895b711927a078c12eb6deb88b0#201011270630_0_frame136.txt,3,0.350277,0.352076,276,320,42,80,0.9090909090909086,5.0
109,07baf895b711927a078c12eb6deb88b0#201011270630_0_frame136.txt,3,0.605428,0.61078,432,489,6,63,1.0079999999999996,5.0
110,07baf895b711927a078c12eb6deb88b0#201011270630_0_frame144.txt,0,0.555855,0.574509,526,634,140,265,0.710070558050032,5.0
111,07baf895b711927a078c12eb6deb88b0#201011270630_0_frame144.txt,3,0.778574,0.780229,233,297,65,126,0.8458740622868832,5.0
112,07baf895b711927a078c12eb6deb88b0#201011270630_0_frame145.txt,3,0.520589,0.523352,229,280,63,123,0.7737397420867524,5.0
113,07baf895b711927a078c12eb6deb88b0#201011270630_0_frame149.txt,3,0.803871,0.805547,255,325,17,74,0.8523676880222839,5.0
114,07baf895b711927a078c12eb6deb88b0#201011270630_0_frame150.txt,3,0.825208,0.825909,266,335,12,72,0.9111424541607896,5.0
115,07baf895b711927a078c12eb6deb88b0#201011270630_0_frame151.txt,3,0.791976,0.79393,288,360,6,66,0.9236111111111109,5.0
116,07baf895b711927a078c12eb6deb88b0#201011270630_0_frame153.txt,3,0.347458,0.348685,319,385,0,42,0.9428571428571426,5.0
117,07baf895b711927a078c12eb6deb88b0#201011270630_0_frame187.txt,3,0.395605,0.403711,457,512,108,156,0.8128078817733988,2.0
118,07baf895b711927a078c12eb6deb88b0#201011270630_0_frame20.txt,3,0.470413,0.479497,372,421,44,106,1.8468950749464659,8.0
119,07baf895b711927a078c12eb6deb88b0#201011270630_0_frame21.txt,3,0.633415,0.637725,365,416,47,110,1.6294877932024885,8.0
120,07baf895b711927a078c12eb6deb88b0#201011270630_0_frame211.txt,3,0.769398,0.770979,396,476,15,69,0.9249011857707508,5.0
121,07baf895b711927a078c12eb6deb88b0#201011270630_0_frame215.txt,3,0.742555,0.743742,410,476,0,51,0.9126559714795006,5.0
122,07baf895b711927a078c12eb6deb88b0#201011270630_0_frame217.txt,3,0.636973,0.638329,411,469,1,47,0.8341137123745817,5.0
123,07baf895b711927a078c12eb6deb88b0#201011270630_0_frame219.txt,3,0.566654,0.568426,407,466,1,41,0.9499999999999996,5.0
124,07baf895b711927a078c12eb6deb88b0#201011270630_0_frame223.txt,3,0.59628,0.598996,319,398,0,63,0.9192168789203572,5.0
125,07baf895b711927a078c12eb6deb88b0#201011270630_0_frame224.txt,3,0.766183,0.767115,270,354,39,114,0.8843830888697152,5.0
126,07baf895b711927a078c12eb6deb88b0#201011270630_0_frame23.txt,3,0.46388,0.467362,355,397,50,108,4.744214372716194,8.0
127,07baf895b711927a078c12eb6deb88b0#201011270630_0_frame24.txt,3,0.55581,0.560802,502,558,125,179,0.6973795435333895,5.0
128,07baf895b711927a078c12eb6deb88b0#201011270630_0_frame24.txt,3,0.694788,0.696548,351,405,44,101,0.9770569620253161,2.0
129,07baf895b711927a078c12eb6deb88b0#201011270630_0_frame247.txt,3,0.742206,0.743362,178,230,107,150,0.9074675324675321,5.0
130,07baf895b711927a078c12eb6deb88b0#201011270630_0_frame248.txt,3,0.778877,0.780237,189,243,100,146,0.8657718120805367,5.0
131,07baf895b711927a078c12eb6deb88b0#201011270630_0_frame253.txt,3,0.603292,0.605974,204,246,69,116,0.8940217391304344,5.0
132,07baf895b711927a078c12eb6deb88b0#201011270630_0_frame255.txt,3,0.779456,0.780622,191,253,61,115,0.9023529411764704,5.0
133,07baf895b711927a078c12eb6deb88b0#201011270630_0_frame256.txt,3,0.762411,0.764075,203,275,56,112,0.8868479059515061,5.0
134,07baf895b711927a078c12eb6deb88b0#201011270630_0_frame258.txt,3,0.778234,0.779429,237,311,65,125,0.8432432432432431,5.0
135,07baf895b711927a078c12eb6deb88b0#201011270630_0_frame26.txt,3,0.708319,0.713407,516,580,115,178,0.9625399725902236,5.0
136,07baf895b711927a078c12eb6deb88b0#201011270630_0_frame26.txt,3,0.78123,0.782279,353,429,8,62,7.265560165975093,2.0
137,07baf895b711927a078c12eb6deb88b0#201011270630_0_frame261.txt,3,0.779504,0.780763,305,361,79,137,0.902639296187683,5.0
138,07baf895b711927a078c12eb6deb88b0#201011270630_0_frame263.txt,3,0.733275,0.736293,336,376,68,119,0.9340659340659336,5.0
139,07baf895b711927a078c12eb6deb88b0#201011270630_0_frame267.txt,3,0.558283,0.559569,339,382,57,105,0.8247422680412367,5.0
140,07baf895b711927a078c12eb6deb88b0#201011270630_0_frame270.txt,3,0.795201,0.796128,330,391,59,111,0.8513244090002846,5.0
141,07baf895b711927a078c12eb6deb88b0#201011270630_0_frame272.txt,3,0.768729,0.76986,333,396,60,113,0.9302258251302835,5.0
142,07baf895b711927a078c12eb6deb88b0#201011270630_0_frame283.txt,3,0.481064,0.484551,65,139,135,222,0.81518921721099,5.0
143,07baf895b711927a078c12eb6deb88b0#201011270630_0_frame283.txt,3,0.760074,0.760882,300,356,92,140,0.8935251798561148,5.0
144,07baf895b711927a078c12eb6deb88b0#201011270630_0_frame288.txt,3,0.264482,0.267625,291,326,134,175,6.7162740899357525,5.0
145,07baf895b711927a078c12eb6deb88b0#201011270630_0_frame288.txt,3,0.619365,0.623352,60,160,123,204,1.2641843971631204,5.0
147,07baf895b711927a078c12eb6deb88b0#201011270630_0_frame56.txt,3,0.355994,0.363988,546,600,59,119,0.8592964824120601,2.0
148,07baf895b711927a078c12eb6deb88b0#201011270630_0_frame64.txt,3,0.31221,0.316951,498,543,37,101,0.7995991983967934,2.0
149,07baf895b711927a078c12eb6deb88b0#201011270630_0_frame70.txt,3,0.445067,0.458738,421,475,57,138,0.8797439414723364,2.0
150,07baf895b711927a078c12eb6deb88b0#201011270630_0_frame72.txt,3,0.735245,0.747676,394,488,51,126,0.7917789757412397,2.0
151,07baf895b711927a078c12eb6deb88b0#201011270630_0_frame78.txt,3,0.65169,0.725425,428,512,38,113,0.7682926829268291,2.0
152,07baf895b711927a078c12eb6deb88b0#201011270630_0_frame99.txt,3,0.765932,0.76684,354,411,18,59,1.6657824933686995,2.0
153,07baf895b711927a078c12eb6deb88b0#201011270630_0_frame99.txt,3,0.797507,0.798083,170,254,119,196,2.1367521367521363,8.0
154,07baf895b711927a078c12eb6deb88b0#201011270630_frame100.txt,3,0.691233,0.694429,359,414,15,56,7.313893653516282,2.0
155,07baf895b711927a078c12eb6deb88b0#201011270630_frame100.txt,3,0.769054,0.769994,165,247,122,196,6.087542087542083,8.0
157,07baf895b711927a078c12eb6deb88b0#201011270630_frame13.txt,3,0.43018,0.432405,428,473,125,161,0.6666666666666664,2.0
158,07baf895b711927a078c12eb6deb88b0#201011270630_frame135.txt,3,0.348734,0.349362,297,344,32,72,3.911827956989243,2.0
159,07baf895b711927a078c12eb6deb88b0#201011270630_frame136.txt,3,0.350277,0.352076,276,320,42,80,0.8642936596218016,5.0
160,07baf895b711927a078c12eb6deb88b0#201011270630_frame136.txt,3,0.605428,0.61078,432,489,6,63,0.8607021517553791,5.0
163,07baf895b711927a078c12eb6deb88b0#201011270630_frame140.txt,3,0.504706,0.507345,152,234,29,96,0.9023963617281789,9.0
164,07baf895b711927a078c12eb6deb88b0#201011270630_frame141.txt,3,0.269173,0.271442,558,638,184,335,3.2429193899782125,8.0
165,07baf895b711927a078c12eb6deb88b0#201011270630_frame141.txt,3,0.611972,0.615267,191,267,28,97,0.8818565400843881,9.0
166,07baf895b711927a078c12eb6deb88b0#201011270630_frame141.txt,3,0.683007,0.691104,279,330,59,135,0.9029927760577914,8.0
167,07baf895b711927a078c12eb6deb88b0#201011270630_frame143.txt,3,0.552779,0.55571,338,404,40,113,0.9165628891656287,9.0
168,07baf895b711927a078c12eb6deb88b0#201011270630_frame143.txt,3,0.779807,0.781021,234,314,71,132,0.8557377049180326,8.0
169,07baf895b711927a078c12eb6deb88b0#201011270630_frame144.txt,0,0.555855,0.574509,526,634,140,265,0.741106719367589,8.0
170,07baf895b711927a078c12eb6deb88b0#201011270630_frame144.txt,3,0.778574,0.780229,233,297,65,126,0.9320932979037494,9.0
171,07baf895b711927a078c12eb6deb88b0#201011270630_frame145.txt,3,0.520589,0.523352,229,280,63,123,0.7647987371744276,5.0
172,07baf895b711927a078c12eb6deb88b0#201011270630_frame146.txt,3,0.414788,0.416883,235,273,44,107,0.839299314546839,5.0
173,07baf895b711927a078c12eb6deb88b0#201011270630_frame152.txt,3,0.766417,0.767115,311,375,0,51,0.8518518518518516,5.0
174,07baf895b711927a078c12eb6deb88b0#201011270630_frame185.txt,3,0.364973,0.368187,457,511,107,152,0.8171806167400878,2.0
175,07baf895b711927a078c12eb6deb88b0#201011270630_frame20.txt,3,0.470413,0.479497,372,421,44,106,0.8851761846901577,5.0
176,07baf895b711927a078c12eb6deb88b0#201011270630_frame215.txt,3,0.742555,0.743742,410,476,0,51,0.8021390374331548,5.0
177,07baf895b711927a078c12eb6deb88b0#201011270630_frame217.txt,3,0.636973,0.638329,411,469,1,47,0.8530492285084493,5.0
178,07baf895b711927a078c12eb6deb88b0#201011270630_frame219.txt,3,0.566654,0.568426,407,466,1,41,0.8618239242005524,5.0
179,07baf895b711927a078c12eb6deb88b0#201011270630_frame223.txt,3,0.59628,0.598996,319,398,0,63,0.8726003490401395,5.0
180,07baf895b711927a078c12eb6deb88b0#201011270630_frame24.txt,3,0.55581,0.560802,502,558,125,179,0.5531862137366723,5.0
181,07baf895b711927a078c12eb6deb88b0#201011270630_frame24.txt,3,0.694788,0.696548,351,405,44,101,1.1316872427983535,2.0
182,07baf895b711927a078c12eb6deb88b0#201011270630_frame251.txt,3,0.688779,0.690542,207,251,78,126,0.8357142857142854,5.0
183,07baf895b711927a078c12eb6deb88b0#201011270630_frame257.txt,3,0.799395,0.800435,225,295,62,114,0.8738355070534999,5.0
184,07baf895b711927a078c12eb6deb88b0#201011270630_frame258.txt,3,0.778234,0.779429,237,311,65,125,0.8857518056467497,5.0
185,07baf895b711927a078c12eb6deb88b0#201011270630_frame261.txt,3,0.779504,0.780763,305,361,79,137,0.8997613365155129,5.0
186,07baf895b711927a078c12eb6deb88b0#201011270630_frame267.txt,3,0.558283,0.559569,339,382,57,105,0.8608058608058604,5.0
187,07baf895b711927a078c12eb6deb88b0#201011270630_frame269.txt,3,0.770603,0.771195,332,388,58,113,0.7861635220125784,5.0
188,07baf895b711927a078c12eb6deb88b0#201011270630_frame270.txt,3,0.795201,0.796128,330,391,59,111,0.9176470588235291,5.0
189,07baf895b711927a078c12eb6deb88b0#201011270630_frame273.txt,3,0.789463,0.790435,332,396,62,113,0.8326530612244896,5.0
190,07baf895b711927a078c12eb6deb88b0#201011270630_frame276.txt,3,0.785073,0.786489,324,385,65,115,0.8255365987892128,5.0
191,07baf895b711927a078c12eb6deb88b0#201011270630_frame278.txt,3,0.78984,0.791013,308,373,71,120,0.8631984585741809,5.0
193,07baf895b711927a078c12eb6deb88b0#201011270630_frame282.txt,3,0.781381,0.782603,299,357,85,133,0.8541458541458539,5.0
194,07baf895b711927a078c12eb6deb88b0#201011270630_frame285.txt,3,0.490633,0.499039,31,117,95,189,3.4909090909090894,5.0
195,07baf895b711927a078c12eb6deb88b0#201011270630_frame285.txt,3,0.627794,0.628612,295,345,101,149,0.8292166549047281,5.0
198,07baf895b711927a078c12eb6deb88b0#201011270630_frame51.txt,3,0.269803,0.273924,568,621,50,114,0.831556503198294,2.0
199,07baf895b711927a078c12eb6deb88b0#201011270630_frame56.txt,3,0.355994,0.363988,546,600,59,119,0.7219251336898395,2.0
200,07baf895b711927a078c12eb6deb88b0#201011270630_frame63.txt,3,0.442855,0.446847,506,558,35,106,0.8767123287671231,2.0
201,07baf895b711927a078c12eb6deb88b0#201011270630_frame66.txt,3,0.404844,0.407038,483,522,50,114,0.8294930875576034,2.0
202,07baf895b711927a078c12eb6deb88b0#201011270630_frame73.txt,8,0.567581,0.64952,403,501,44,121,0.8405096142503242,2.0
203,07baf895b711927a078c12eb6deb88b0#201011270630_frame73.txt,3,0.696058,0.70659,405,499,45,117,0.8238188976377951,2.0
204,07baf895b711927a078c12eb6deb88b0#201011270630_frame76.txt,3,0.734075,0.752383,416,513,38,117,0.8501437607820584,2.0
205,07baf895b711927a078c12eb6deb88b0#201011270630_frame78.txt,3,0.65169,0.725425,428,512,38,113,0.8175999999999999,2.0
206,07baf895b711927a078c12eb6deb88b0#201011270630_frame83.txt,3,0.30526,0.322968,479,522,59,114,0.6435436690346843,2.0
207,07baf895b711927a078c12eb6deb88b0#201011270630_frame93.txt,3,0.744048,0.744555,156,244,129,225,0.79551692589204,5.0
208,07baf895b711927a078c12eb6deb88b0#201011270630_frame95.txt,3,0.772144,0.772884,172,254,120,207,0.7633273242338398,5.0
210,07baf895b711927a078c12eb6deb88b0#201011270630_frame98.txt,3,0.683171,0.684069,354,411,20,60,1.5836101882613507,5.0
211,07baf895b711927a078c12eb6deb88b0#201011270630_frame98.txt,3,0.770708,0.771434,170,254,117,197,0.8681497558328811,5.0
231,1bff883d55ca0bbb67351f8169f76914#201011150930_0_frame100.txt,3,0.670243,0.67199,293,333,126,180,0.9168173598553342,5.0
232,1bff883d55ca0bbb67351f8169f76914#201011150930_0_frame105.txt,3,0.534805,0.536249,193,228,142,184,28.94117647058795,5.0
233,1bff883d55ca0bbb67351f8169f76914#201011150930_0_frame105.txt,3,0.71156,0.713225,124,173,93,143,0.9049489395129612,5.0
234,1bff883d55ca0bbb67351f8169f76914#201011150930_0_frame106.txt,3,0.3229,0.324698,196,229,138,180,1.7939914163090116,5.0
235,1bff883d55ca0bbb67351f8169f76914#201011150930_0_frame106.txt,3,0.728272,0.73056,292,340,143,200,1.3457943925233637,5.0
236,1bff883d55ca0bbb67351f8169f76914#201011150930_0_frame109.txt,3,0.425607,0.427649,181,215,139,178,0.9199428162973546,5.0
237,1bff883d55ca0bbb67351f8169f76914#201011150930_0_frame109.txt,3,0.464357,0.466431,137,180,120,171,0.8612284692882676,5.0
238,1bff883d55ca0bbb67351f8169f76914#201011150930_0_frame109.txt,3,0.734978,0.736295,283,342,148,206,0.8921644685802945,5.0
239,1bff883d55ca0bbb67351f8169f76914#201011150930_0_frame110.txt,3,0.75174,0.753067,282,339,149,206,0.7540729247478664,5.0
240,1bff883d55ca0bbb67351f8169f76914#201011150930_0_frame120.txt,3,0.657813,0.659414,112,182,78,147,0.9087437953417333,5.0
241,1bff883d55ca0bbb67351f8169f76914#201011150930_0_frame13.txt,3,0.359119,0.361253,171,222,140,182,10.559999999999976,8.0
242,1bff883d55ca0bbb67351f8169f76914#201011150930_0_frame13.txt,3,0.570951,0.57377,359,409,134,199,5.201017811704832,8.0
243,1bff883d55ca0bbb67351f8169f76914#201011150930_0_frame13.txt,3,0.573731,0.576051,293,347,162,219,0.818124606670862,8.0
244,1bff883d55ca0bbb67351f8169f76914#201011150930_0_frame130.txt,3,0.770927,0.771942,313,368,159,216,0.9146379044684126,5.0
245,1bff883d55ca0bbb67351f8169f76914#201011150930_0_frame131.txt,3,0.373642,0.381929,178,227,39,119,1.0202020202020199,5.0
246,1bff883d55ca0bbb67351f8169f76914#201011150930_0_frame131.txt,3,0.776138,0.776973,329,383,153,207,0.7790055248618782,5.0
247,1bff883d55ca0bbb67351f8169f76914#201011150930_0_frame148.txt,3,0.664314,0.669261,100,194,92,171,0.9176470588235293,5.0
249,1bff883d55ca0bbb67351f8169f76914#201011150930_0_frame16.txt,3,0.263213,0.265125,0,165,287,481,0.8239795918367347,5.0
250,1bff883d55ca0bbb67351f8169f76914#201011150930_0_frame16.txt,3,0.508486,0.509533,263,298,178,218,0.7169811320754713,5.0
251,1bff883d55ca0bbb67351f8169f76914#201011150930_0_frame16.txt,3,0.730828,0.732296,314,366,173,220,0.7803320561941249,5.0
252,1bff883d55ca0bbb67351f8169f76914#201011150930_0_frame166.txt,3,0.579006,0.579727,208,248,144,180,1.1428571428571423,5.0
253,1bff883d55ca0bbb67351f8169f76914#201011150930_0_frame166.txt,3,0.790908,0.792433,321,380,139,194,0.9488304093567249,5.0
254,1bff883d55ca0bbb67351f8169f76914#201011150930_0_frame167.txt,3,0.780951,0.782983,334,391,129,189,0.8608414239482198,5.0
255,1bff883d55ca0bbb67351f8169f76914#201011150930_0_frame168.txt,3,0.78097,0.782835,335,393,128,182,0.8355995055624225,5.0
258,1bff883d55ca0bbb67351f8169f76914#201011150930_0_frame178.txt,3,0.739799,0.744439,311,362,160,218,0.7561132561132559,5.0
259,1bff883d55ca0bbb67351f8169f76914#201011150930_0_frame178.txt,3,0.742033,0.744173,577,627,5,56,0.8679245283018865,5.0
260,1bff883d55ca0bbb67351f8169f76914#201011150930_0_frame179.txt,3,0.444217,0.446978,586,630,19,70,0.8983957219251333,5.0
261,1bff883d55ca0bbb67351f8169f76914#201011150930_0_frame179.txt,3,0.664005,0.666677,342,391,160,211,0.8243291592128799,5.0
262,1bff883d55ca0bbb67351f8169f76914#201011150930_0_frame18.txt,3,0.557686,0.559828,322,368,185,226,0.7463706233988041,8.0
263,1bff883d55ca0bbb67351f8169f76914#201011150930_0_frame180.txt,3,0.473993,0.474708,381,436,146,204,0.7993730407523508,5.0
264,1bff883d55ca0bbb67351f8169f76914#201011150930_0_frame180.txt,3,0.729118,0.731206,591,638,39,96,0.8465845464725641,5.0
265,1bff883d55ca0bbb67351f8169f76914#201011150930_0_frame184.txt,3,0.366749,0.368904,316,360,180,219,0.3566878980891718,5.0
266,1bff883d55ca0bbb67351f8169f76914#201011150930_0_frame184.txt,3,0.602481,0.603398,308,342,187,220,0.7486631016042775,5.0
268,1bff883d55ca0bbb67351f8169f76914#201011150930_0_frame207.txt,3,0.665998,0.668518,308,357,175,221,13.490974729241827,5.0
269,1bff883d55ca0bbb67351f8169f76914#201011150930_0_frame215.txt,3,0.503238,0.507978,363,417,122,160,0.9395604395604392,5.0
275,1bff883d55ca0bbb67351f8169f76914#201011150930_0_frame22.txt,3,0.340952,0.344416,447,486,101,143,1.0899898887765416,8.0
276,1bff883d55ca0bbb67351f8169f76914#201011150930_0_frame22.txt,3,0.686661,0.688434,322,368,169,217,1.626950354609928,8.0
278,1bff883d55ca0bbb67351f8169f76914#201011150930_0_frame227.txt,3,0.255914,0.258419,19,79,102,153,0.7550077041602463,5.0
280,1bff883d55ca0bbb67351f8169f76914#201011150930_0_frame227.txt,3,0.767585,0.769206,307,359,179,224,8.180180180180168,5.0
281,1bff883d55ca0bbb67351f8169f76914#201011150930_0_frame228.txt,3,0.280888,0.297549,16,80,99,155,12.77092511013213,5.0
282,1bff883d55ca0bbb67351f8169f76914#201011150930_0_frame228.txt,3,0.628259,0.62943,406,450,55,101,3.296703296703294,5.0
283,1bff883d55ca0bbb67351f8169f76914#201011150930_0_frame228.txt,3,0.753784,0.755767,310,362,177,224,14.593908629441586,5.0
284,1bff883d55ca0bbb67351f8169f76914#201011150930_0_frame229.txt,1,0.367177,0.579065,17,83,99,153,0.918994413407821,5.0
285,1bff883d55ca0bbb67351f8169f76914#201011150930_0_frame229.txt,3,0.549547,0.551574,410,455,61,107,4.585427135678386,5.0
286,1bff883d55ca0bbb67351f8169f76914#201011150930_0_frame229.txt,3,0.751103,0.753045,309,359,179,224,10.426229508196693,5.0
287,1bff883d55ca0bbb67351f8169f76914#201011150930_0_frame230.txt,3,0.250812,0.251279,339,390,1,46,1.5153473344103385,5.0
288,1bff883d55ca0bbb67351f8169f76914#201011150930_0_frame230.txt,1,0.394892,0.535522,19,83,98,149,0.8399999999999997,5.0
289,1bff883d55ca0bbb67351f8169f76914#201011150930_0_frame230.txt,3,0.541065,0.54433,423,470,77,116,22.779661016949024,5.0
290,1bff883d55ca0bbb67351f8169f76914#201011150930_0_frame230.txt,3,0.733103,0.735045,309,359,179,224,11.051873198847229,5.0
291,1bff883d55ca0bbb67351f8169f76914#201011150930_0_frame232.txt,3,0.551102,0.556604,357,405,25,73,0.7362924281984332,2.0
292,1bff883d55ca0bbb67351f8169f76914#201011150930_0_frame232.txt,3,0.581899,0.586082,444,497,80,125,32.76595744680828,5.0
293,1bff883d55ca0bbb67351f8169f76914#201011150930_0_frame232.txt,3,0.719468,0.721575,310,359,178,223,23.891891891891763,5.0
294,1bff883d55ca0bbb67351f8169f76914#201011150930_0_frame238.txt,3,0.657629,0.660269,312,361,179,222,0.817186866639643,5.0
296,1bff883d55ca0bbb67351f8169f76914#201011150930_0_frame250.txt,3,0.663396,0.665581,323,373,109,163,0.8256756756756755,5.0
298,1bff883d55ca0bbb67351f8169f76914#201011150930_0_frame256.txt,3,0.718867,0.724897,309,363,130,184,0.838312829525483,5.0
300,1bff883d55ca0bbb67351f8169f76914#201011150930_0_frame262.txt,3,0.750768,0.75227,301,359,160,220,0.8285714285714284,5.0
302,1bff883d55ca0bbb67351f8169f76914#201011150930_0_frame29.txt,3,0.301733,0.309903,440,486,90,126,3.1959910913140277,8.0
303,1bff883d55ca0bbb67351f8169f76914#201011150930_0_frame29.txt,3,0.395817,0.4146,188,253,144,191,1.4292612264606464,8.0
304,1bff883d55ca0bbb67351f8169f76914#201011150930_0_frame29.txt,3,0.775835,0.776376,323,385,154,218,0.5154536390827517,8.0
305,1bff883d55ca0bbb67351f8169f76914#201011150930_0_frame30.txt,3,0.256295,0.257524,331,390,158,217,0.5661167844985597,8.0
306,1bff883d55ca0bbb67351f8169f76914#201011150930_0_frame30.txt,3,0.322744,0.323818,347,394,152,198,0.765240439227565,8.0
307,1bff883d55ca0bbb67351f8169f76914#201011150930_0_frame30.txt,3,0.52175,0.524434,195,257,146,194,1.6289006240998554,8.0
308,1bff883d55ca0bbb67351f8169f76914#201011150930_0_frame30.txt,3,0.717185,0.718469,313,364,169,221,2.080932784636487,8.0
309,1bff883d55ca0bbb67351f8169f76914#201011150930_0_frame32.txt,3,0.407049,0.42841,438,487,88,131,13.908127208480515,8.0
310,1bff883d55ca0bbb67351f8169f76914#201011150930_0_frame32.txt,3,0.468431,0.484432,185,260,137,197,1.7110766847405106,8.0
311,1bff883d55ca0bbb67351f8169f76914#201011150930_0_frame32.txt,3,0.585586,0.587362,352,397,146,199,0.7584593232541395,8.0
312,1bff883d55ca0bbb67351f8169f76914#201011150930_0_frame32.txt,3,0.733309,0.735148,312,357,175,223,6.229681978798575,8.0
313,1bff883d55ca0bbb67351f8169f76914#201011150930_0_frame55.txt,3,0.256443,0.258098,275,331,22,65,1.1624999999999994,5.0
314,1bff883d55ca0bbb67351f8169f76914#201011150930_0_frame55.txt,3,0.508949,0.511966,389,436,29,64,16.147058823529346,5.0
315,1bff883d55ca0bbb67351f8169f76914#201011150930_0_frame55.txt,3,0.693315,0.694718,203,258,48,107,0.835911434637549,5.0
316,1bff883d55ca0bbb67351f8169f76914#201011150930_0_frame55.txt,3,0.701029,0.706107,282,331,130,185,5.691376701966708,5.0
317,1bff883d55ca0bbb67351f8169f76914#201011150930_0_frame56.txt,3,0.445739,0.44691,278,342,18,63,1.0848656294200845,5.0
318,1bff883d55ca0bbb67351f8169f76914#201011150930_0_frame56.txt,3,0.503775,0.506877,391,441,29,63,2.2059823249490127,5.0
319,1bff883d55ca0bbb67351f8169f76914#201011150930_0_frame56.txt,3,0.703227,0.713089,280,338,125,174,2.995176848874596,2.0
320,1bff883d55ca0bbb67351f8169f76914#201011150930_0_frame56.txt,3,0.73422,0.735263,204,260,55,113,0.8392961876832842,5.0
321,1bff883d55ca0bbb67351f8169f76914#201011150930_0_frame57.txt,3,0.567276,0.569498,260,296,168,213,0.8758758758758755,2.0
322,1bff883d55ca0bbb67351f8169f76914#201011150930_0_frame57.txt,3,0.576642,0.584667,390,443,23,57,3.346855983772816,5.0
323,1bff883d55ca0bbb67351f8169f76914#201011150930_0_frame57.txt,3,0.695739,0.696469,211,267,65,124,0.8413156376226195,5.0
324,1bff883d55ca0bbb67351f8169f76914#201011150930_0_frame57.txt,3,0.734331,0.736276,292,345,124,176,3.2176165803108785,2.0
325,1bff883d55ca0bbb67351f8169f76914#201011150930_0_frame60.txt,3,0.595871,0.596946,398,444,9,45,0.8041958041958037,5.0
326,1bff883d55ca0bbb67351f8169f76914#201011150930_0_frame64.txt,3,0.316452,0.317162,435,485,81,114,1.1999999999999993,2.0
327,1bff883d55ca0bbb67351f8169f76914#201011150930_0_frame64.txt,3,0.731756,0.732903,256,304,156,213,41.35294117647018,2.0
328,1bff883d55ca0bbb67351f8169f76914#201011150930_0_frame67.txt,3,0.557914,0.559871,190,238,85,148,0.8105263157894734,5.0
329,1bff883d55ca0bbb67351f8169f76914#201011150930_0_frame67.txt,3,0.704328,0.706018,279,322,161,211,0.7771084337349394,5.0
330,1bff883d55ca0bbb67351f8169f76914#201011150930_0_frame68.txt,3,0.270013,0.270704,469,512,47,82,0.3475694444444443,2.0
331,1bff883d55ca0bbb67351f8169f76914#201011150930_0_frame68.txt,3,0.60645,0.60793,293,333,155,210,1.2031776600866628,2.0
332,1bff883d55ca0bbb67351f8169f76914#201011150930_0_frame69.txt,3,0.433217,0.434045,467,513,37,71,0.9046483909415967,5.0
333,1bff883d55ca0bbb67351f8169f76914#201011150930_0_frame69.txt,3,0.66033,0.662087,304,365,180,231,0.7714561234329795,5.0
334,1bff883d55ca0bbb67351f8169f76914#201011150930_0_frame69.txt,3,0.731093,0.735416,160,224,108,176,0.9247506799637351,5.0
335,1bff883d55ca0bbb67351f8169f76914#201011150930_0_frame7.txt,3,0.369283,0.371402,298,350,151,206,0.5185185185185184,5.0
336,1bff883d55ca0bbb67351f8169f76914#201011150930_0_frame7.txt,3,0.641203,0.643001,318,368,153,206,0.5953800298062591,5.0
337,1bff883d55ca0bbb67351f8169f76914#201011150930_0_frame75.txt,3,0.41206,0.414675,261,295,176,216,0.9428571428571423,5.0
338,1bff883d55ca0bbb67351f8169f76914#201011150930_0_frame78.txt,3,0.63903,0.640851,258,295,170,212,0.8862275449101792,5.0
339,1bff883d55ca0bbb67351f8169f76914#201011150930_0_frame78.txt,3,0.819645,0.820373,299,353,113,172,0.8788449466415565,5.0
340,1bff883d55ca0bbb67351f8169f76914#201011150930_0_frame79.txt,3,0.568355,0.570469,257,295,167,212,0.8913043478260865,5.0
341,1bff883d55ca0bbb67351f8169f76914#201011150930_0_frame79.txt,3,0.826363,0.827041,298,354,112,169,0.8482418260333126,5.0
342,1bff883d55ca0bbb67351f8169f76914#201011150930_0_frame80.txt,3,0.671678,0.673532,254,295,164,205,0.8651109846328965,5.0
343,1bff883d55ca0bbb67351f8169f76914#201011150930_0_frame80.txt,3,0.805805,0.806733,299,354,113,170,0.8931419457735245,5.0
344,1bff883d55ca0bbb67351f8169f76914#201011150930_0_frame83.txt,3,0.361106,0.363552,257,292,164,201,0.6702898550724634,5.0
345,1bff883d55ca0bbb67351f8169f76914#201011150930_0_frame83.txt,3,0.654887,0.656791,305,348,145,205,0.8584337349397587,5.0
346,1bff883d55ca0bbb67351f8169f76914#201011150930_0_frame86.txt,3,0.698005,0.703065,277,331,157,217,0.6347926267281104,5.0
347,1bff883d55ca0bbb67351f8169f76914#201011150930_0_frame87.txt,3,0.403706,0.406498,412,457,81,123,1.3282608695652167,5.0
348,1bff883d55ca0bbb67351f8169f76914#201011150930_0_frame87.txt,3,0.51653,0.518545,276,320,148,208,0.9068181818181815,5.0
349,1bff883d55ca0bbb67351f8169f76914#201011150930_0_frame90.txt,3,0.690861,0.692065,417,473,83,122,0.9016393442622948,5.0
350,1bff883d55ca0bbb67351f8169f76914#201011150930_0_frame90.txt,3,0.753024,0.754236,226,280,138,201,0.8206278026905828,5.0
351,1bff883d55ca0bbb67351f8169f76914#201011150930_0_frame91.txt,3,0.502254,0.505904,422,475,74,117,0.8917169974115613,5.0
352,1bff883d55ca0bbb67351f8169f76914#201011150930_0_frame91.txt,3,0.772487,0.773443,229,287,138,198,1.1353211009174309,5.0
353,1bff883d55ca0bbb67351f8169f76914#201011150930_0_frame92.txt,3,0.774624,0.775832,238,298,131,192,0.8636363636363634,5.0
354,1bff883d55ca0bbb67351f8169f76914#201011150930_0_frame94.txt,3,0.416583,0.421349,404,460,26,71,4.949999999999995,5.0
355,1bff883d55ca0bbb67351f8169f76914#201011150930_0_frame94.txt,3,0.655686,0.657658,266,315,123,186,0.8012048192771082,5.0
357,1bff883d55ca0bbb67351f8169f76914#201011150930_0_frame95.txt,3,0.453476,0.454577,272,313,105,159,0.8700265251989386,5.0
358,1bff883d55ca0bbb67351f8169f76914#201011150930_0_frame95.txt,3,0.581547,0.58388,401,460,13,55,0.9039548022598867,5.0
359,1bff883d55ca0bbb67351f8169f76914#201011150930_0_frame98.txt,3,0.644199,0.645546,284,324,131,187,0.8305084745762709,5.0
360,1bff883d55ca0bbb67351f8169f76914#201011150930_0_frame99.txt,3,0.685025,0.686647,292,333,125,183,0.796132151490733,5.0
361,2a69f2ad271728c99a849d679745492e#201201170710_s3_1_frame1.txt,4,0.591197,0.614751,64,150,168,290,0.8907075430847838,6.0
362,2a69f2ad271728c99a849d679745492e#201201170710_s3_1_frame111.txt,4,0.471864,0.472648,196,400,174,263,0.9008592200925314,6.0
364,2a69f2ad271728c99a849d679745492e#201201170710_s3_1_frame114.txt,4,0.616914,0.617841,199,389,173,260,0.8397918511957484,6.0
365,2a69f2ad271728c99a849d679745492e#201201170710_s3_1_frame118.txt,4,0.282945,0.284442,240,377,150,243,0.81081825063657,6.0
366,2a69f2ad271728c99a849d679745492e#201201170710_s3_1_frame119.txt,3,0.295672,0.296888,266,375,139,232,0.7572837292693858,6.0
367,2a69f2ad271728c99a849d679745492e#201201170710_s3_1_frame119.txt,4,0.435444,0.440932,249,379,148,233,0.7913642694817095,6.0
368,2a69f2ad271728c99a849d679745492e#201201170710_s3_1_frame12.txt,4,0.772378,0.790999,71,179,194,288,0.9506616257088846,6.0
369,2a69f2ad271728c99a849d679745492e#201201170710_s3_1_frame120.txt,4,0.68576,0.702795,259,385,133,224,0.8370024125452351,6.0
370,2a69f2ad271728c99a849d679745492e#201201170710_s3_1_frame123.txt,3,0.325645,0.334465,294,386,106,202,0.7078934137757666,6.0
371,2a69f2ad271728c99a849d679745492e#201201170710_s3_1_frame126.txt,3,0.403301,0.413053,308,388,81,192,0.8490566037735847,6.0
372,2a69f2ad271728c99a849d679745492e#201201170710_s3_1_frame127.txt,3,0.421494,0.519692,309,388,55,173,0.8680451503346317,6.0
373,2a69f2ad271728c99a849d679745492e#201201170710_s3_1_frame132.txt,3,0.339684,0.511454,274,383,39,123,0.8654064272211719,6.0
374,2a69f2ad271728c99a849d679745492e#201201170710_s3_1_frame132.txt,4,0.552436,0.706082,272,384,35,125,0.9322858211747099,6.0
375,2a69f2ad271728c99a849d679745492e#201201170710_s3_1_frame137.txt,4,0.680522,0.689779,263,389,24,117,0.8615870153291252,6.0
376,2a69f2ad271728c99a849d679745492e#201201170710_s3_1_frame138.txt,4,0.730382,0.749108,259,391,25,116,0.8879349299593311,6.0
377,2a69f2ad271728c99a849d679745492e#201201170710_s3_1_frame140.txt,4,0.724692,0.729944,232,400,7,94,0.8088899453292132,6.0
378,2a69f2ad271728c99a849d679745492e#201201170710_s3_1_frame142.txt,4,0.654349,0.656595,233,409,8,90,0.8974008207934335,6.0
379,2a69f2ad271728c99a849d679745492e#201201170710_s3_1_frame154.txt,4,0.308653,0.310345,148,317,0,51,0.7241732650209594,6.0
380,2a69f2ad271728c99a849d679745492e#201201170710_s3_1_frame155.txt,4,0.308653,0.310345,148,317,0,51,0.7241732650209594,6.0
381,2a69f2ad271728c99a849d679745492e#201201170710_s3_1_frame23.txt,4,0.375353,0.381822,47,209,180,281,0.9429276026070107,6.0
382,2a69f2ad271728c99a849d679745492e#201201170710_s3_1_frame24.txt,4,0.600683,0.607912,44,210,180,282,0.9411764705882353,6.0
383,2a69f2ad271728c99a849d679745492e#201201170710_s3_1_frame26.txt,4,0.606549,0.613737,45,209,180,282,0.9408284023668639,6.0
384,2a69f2ad271728c99a849d679745492e#201201170710_s3_1_frame27.txt,4,0.677919,0.691505,58,242,174,273,0.9499374217772215,6.0
385,2a69f2ad271728c99a849d679745492e#201201170710_s3_1_frame366.txt,3,0.345674,0.348166,258,303,58,97,0.8410256410256406,5.0
386,2a69f2ad271728c99a849d679745492e#201201170710_s3_1_frame367.txt,3,0.319349,0.321696,260,304,58,97,0.8601398601398597,5.0
387,2a69f2ad271728c99a849d679745492e#201201170710_s3_1_frame368.txt,3,0.319349,0.321696,260,304,58,97,0.8601398601398597,5.0
388,2a69f2ad271728c99a849d679745492e#201201170710_s3_1_frame371.txt,3,0.744242,0.746077,238,286,45,87,0.9126984126984122,5.0
389,2a69f2ad271728c99a849d679745492e#201201170710_s3_1_frame373.txt,3,0.749574,0.75125,225,272,35,77,0.9088145896656531,5.0
390,2a69f2ad271728c99a849d679745492e#201201170710_s3_1_frame376.txt,3,0.61092,0.611756,205,244,8,52,0.9079254079254074,5.0
391,2a69f2ad271728c99a849d679745492e#201201170710_s3_1_frame378.txt,3,0.680175,0.681065,205,244,8,52,0.9079254079254074,5.0
394,2a69f2ad271728c99a849d679745492e#201201170710_s3_1_frame389.txt,3,0.671174,0.672764,119,166,45,87,0.8349514563106792,5.0
395,2a69f2ad271728c99a849d679745492e#201201170710_s3_1_frame39.txt,4,0.742182,0.745673,93,257,170,266,0.884113584036838,6.0
396,2a69f2ad271728c99a849d679745492e#201201170710_s3_1_frame394.txt,3,0.674915,0.676637,116,156,40,82,0.7741935483870964,5.0
397,2a69f2ad271728c99a849d679745492e#201201170710_s3_1_frame4.txt,4,0.5456,0.587503,66,155,168,291,0.770177042639847,6.0
398,2a69f2ad271728c99a849d679745492e#201201170710_s3_1_frame423.txt,3,0.45932,0.462197,121,159,3,45,0.8019917984768595,5.0
399,2a69f2ad271728c99a849d679745492e#201201170710_s3_1_frame425.txt,3,0.340483,0.341493,128,161,0,35,0.7683615819209034,5.0
400,2a69f2ad271728c99a849d679745492e#201201170710_s3_1_frame428.txt,3,0.322932,0.325718,353,395,105,137,0.848484848484848,5.0
401,2a69f2ad271728c99a849d679745492e#201201170710_s3_1_frame431.txt,3,0.569383,0.570303,359,403,102,137,0.7759815242494222,5.0
402,2a69f2ad271728c99a849d679745492e#201201170710_s3_1_frame435.txt,3,0.405957,0.406712,360,406,104,137,0.8723667905824035,5.0
403,2a69f2ad271728c99a849d679745492e#201201170710_s3_1_frame437.txt,3,0.603819,0.604851,366,414,100,133,0.9696969696969692,5.0
404,2a69f2ad271728c99a849d679745492e#201201170710_s3_1_frame444.txt,3,0.578758,0.579872,373,423,93,131,0.755340793489318,5.0
405,2a69f2ad271728c99a849d679745492e#201201170710_s3_1_frame446.txt,3,0.556902,0.557975,373,423,94,131,0.7750521920668054,5.0
407,2a69f2ad271728c99a849d679745492e#201201170710_s3_1_frame456.txt,3,0.566218,0.567097,396,437,65,102,0.8207434052757789,5.0
408,2a69f2ad271728c99a849d679745492e#201201170710_s3_1_frame48.txt,4,0.74411,0.769141,86,206,160,268,0.859437751004016,6.0
409,2a69f2ad271728c99a849d679745492e#201201170710_s3_1_frame50.txt,4,0.740951,0.76681,86,207,160,268,0.8665417308078441,6.0
410,2a69f2ad271728c99a849d679745492e#201201170710_s3_1_frame51.txt,4,0.586441,0.593391,63,250,146,259,0.8347924849746817,6.0
412,2a69f2ad271728c99a849d679745492e#201201170710_s3_1_frame532.txt,3,0.697807,0.700108,510,552,85,118,0.8773448773448768,5.0
413,2a69f2ad271728c99a849d679745492e#201201170710_s3_1_frame533.txt,3,0.738189,0.739182,510,555,83,116,0.8913043478260865,5.0
414,2a69f2ad271728c99a849d679745492e#201201170710_s3_1_frame536.txt,3,0.602965,0.605925,510,551,80,113,0.9285714285714279,5.0
415,2a69f2ad271728c99a849d679745492e#201201170710_s3_1_frame538.txt,3,0.645015,0.647378,508,548,79,113,0.7962466487935652,5.0
416,2a69f2ad271728c99a849d679745492e#201201170710_s3_1_frame54.txt,4,0.552978,0.559695,65,249,146,259,0.8391156625352921,6.0
417,2a69f2ad271728c99a849d679745492e#201201170710_s3_1_frame544.txt,3,0.641056,0.643403,511,554,78,111,0.8600964851826322,5.0
418,2a69f2ad271728c99a849d679745492e#201201170710_s3_1_frame546.txt,3,0.660918,0.661919,511,549,78,111,0.9226100151745061,5.0
419,2a69f2ad271728c99a849d679745492e#201201170710_s3_1_frame549.txt,3,0.580895,0.581938,511,549,78,111,0.9226100151745061,5.0
420,2a69f2ad271728c99a849d679745492e#201201170710_s3_1_frame55.txt,4,0.642359,0.649513,66,254,140,251,0.8200657063431893,6.0
421,2a69f2ad271728c99a849d679745492e#201201170710_s3_1_frame58.txt,4,0.590263,0.595073,63,258,134,251,0.9168656392446277,6.0
423,2a69f2ad271728c99a849d679745492e#201201170710_s3_1_frame7.txt,4,0.73475,0.759331,71,169,186,288,0.8786127167630057,6.0
424,2a69f2ad271728c99a849d679745492e#201201170710_s3_1_frame73.txt,4,0.69333,0.703058,207,305,133,271,0.6663458453641322,6.0
425,2a69f2ad271728c99a849d679745492e#201201170710_s3_1_frame77.txt,4,0.684188,0.695509,220,308,125,275,0.9366636931311327,6.0
427,2a69f2ad271728c99a849d679745492e#201201170710_s3_1_frame796.txt,3,0.330662,0.331555,284,322,4,41,0.8947368421052626,5.0
428,2a69f2ad271728c99a849d679745492e#201201170710_s3_1_frame8.txt,4,0.716341,0.742985,71,169,186,288,0.8786127167630057,6.0
429,2a69f2ad271728c99a849d679745492e#201201170710_s3_1_frame80.txt,4,0.698707,0.709706,240,318,173,296,0.5759287793186098,6.0
430,2a69f2ad271728c99a849d679745492e#201201170710_s3_1_frame817.txt,3,0.620007,0.623602,112,289,84,219,0.700850374569751,1.0
431,2a69f2ad271728c99a849d679745492e#201201170710_s3_1_frame819.txt,3,0.49008,0.492488,101,295,71,223,0.7747521646379721,1.0
432,2a69f2ad271728c99a849d679745492e#201201170710_s3_1_frame821.txt,3,0.506654,0.509036,100,296,71,221,0.7662841239563464,1.0
433,2a69f2ad271728c99a849d679745492e#201201170710_s3_1_frame83.txt,4,0.677374,0.686089,249,320,167,305,0.7414386664250768,6.0
434,2a69f2ad271728c99a849d679745492e#201201170710_s3_1_frame87.txt,4,0.624265,0.64158,264,325,198,317,0.694187449718423,6.0
435,2a69f2ad271728c99a849d679745492e#201201170710_s3_1_frame90.txt,4,0.63312,0.650598,261,331,194,329,0.7824591573516766,6.0
436,2a69f2ad271728c99a849d679745492e#201201170710_s3_1_frame92.txt,4,0.620023,0.639357,261,332,196,329,0.7810915341641598,6.0
437,2a69f2ad271728c99a849d679745492e#201201170710_s3_1_frame94.txt,4,0.631277,0.643206,242,334,185,306,0.8072976934351614,6.0
438,2a69f2ad271728c99a849d679745492e#201201170710_s3_1_frame95.txt,4,0.619148,0.632712,244,334,183,309,0.7911488329796907,6.0
439,2a69f2ad271728c99a849d679745492e#201201170710_s3_1_frame96.txt,4,0.553328,0.567458,247,349,182,302,0.9313602015113349,6.0
440,2a69f2ad271728c99a849d679745492e#201201170710_s3_2_frame1071.txt,3,0.367532,0.370398,187,223,14,46,0.7467811158798279,5.0
441,2a69f2ad271728c99a849d679745492e#201201170710_s3_2_frame1077.txt,3,0.294131,0.29474,178,218,1,34,0.8297872340425526,5.0
442,2a69f2ad271728c99a849d679745492e#201201170710_s3_2_frame1080.txt,3,0.820313,0.82165,136,208,11,62,0.9044585987261144,5.0
444,2a69f2ad271728c99a849d679745492e#201201170710_s3_2_frame1082.txt,3,0.746529,0.747871,125,199,11,56,0.8701936976004623,5.0
446,2a69f2ad271728c99a849d679745492e#201201170710_s3_2_frame1084.txt,3,0.766702,0.767891,126,199,9,56,0.8234804329725227,5.0
448,2a69f2ad271728c99a849d679745492e#201201170710_s3_2_frame1085.txt,3,0.783737,0.784838,108,184,0,47,0.8465845464725642,5.0
450,2a69f2ad271728c99a849d679745492e#201201170710_s3_2_frame1086.txt,3,0.77816,0.779337,108,185,0,47,0.8355899419729205,5.0
451,2a69f2ad271728c99a849d679745492e#201201170710_s3_2_frame1174.txt,3,0.748102,0.749092,525,571,63,102,0.8485333333333329,5.0
452,2a69f2ad271728c99a849d679745492e#201201170710_s3_2_frame1178.txt,3,0.72789,0.731584,520,568,59,99,0.8708333333333329,5.0
453,2a69f2ad271728c99a849d679745492e#201201170710_s3_2_frame1179.txt,3,0.72789,0.731584,520,568,59,99,0.8708333333333329,5.0
454,2a69f2ad271728c99a849d679745492e#201201170710_s3_2_frame1181.txt,3,0.591967,0.593998,525,568,59,98,0.8157423971377455,5.0
455,2a69f2ad271728c99a849d679745492e#201201170710_s3_2_frame1182.txt,3,0.605306,0.607262,525,568,59,98,0.8157423971377455,5.0
456,2a69f2ad271728c99a849d679745492e#201201170710_s3_2_frame164.txt,3,0.476269,0.47704,312,345,66,102,0.8959276018099541,5.0
457,2a69f2ad271728c99a849d679745492e#201201170710_s3_2_frame166.txt,3,0.367474,0.368279,304,338,77,114,0.8958180484225966,5.0
459,2a69f2ad271728c99a849d679745492e#201201170710_s3_2_frame218.txt,3,0.412739,0.419831,201,259,46,82,0.7508532423208188,1.0
460,2a69f2ad271728c99a849d679745492e#201201170710_s3_2_frame219.txt,3,0.401409,0.411693,202,259,46,82,0.7384615384615382,1.0
461,2a69f2ad271728c99a849d679745492e#201201170710_s3_2_frame222.txt,3,0.730787,0.732257,215,273,39,75,0.8909090909090905,1.0
462,2a69f2ad271728c99a849d679745492e#201201170710_s3_2_frame223.txt,3,0.730787,0.732257,215,273,39,75,0.9402985074626862,1.0
463,2a69f2ad271728c99a849d679745492e#201201170710_s3_2_frame224.txt,3,0.60595,0.607609,221,283,31,70,0.8006469874646176,1.0
464,2a69f2ad271728c99a849d679745492e#201201170710_s3_2_frame225.txt,3,0.577801,0.580037,218,282,32,71,0.8153044871794869,1.0
465,2a69f2ad271728c99a849d679745492e#201201170710_s3_2_frame233.txt,3,0.504778,0.507923,242,311,17,55,0.7798470236115728,1.0
466,2a69f2ad271728c99a849d679745492e#201201170710_s3_2_frame235.txt,3,0.588283,0.591818,240,317,11,51,0.8863636363636361,1.0
467,2a69f2ad271728c99a849d679745492e#201201170710_s3_2_frame239.txt,3,0.356503,0.387518,257,327,6,45,0.9444444444444441,1.0
468,2a69f2ad271728c99a849d679745492e#201201170710_s3_2_frame240.txt,3,0.282371,0.28785,262,354,0,45,0.7724637681159419,1.0
469,2a69f2ad271728c99a849d679745492e#201201170710_s3_2_frame241.txt,3,0.281135,0.291273,262,354,1,47,0.7556710775047257,1.0
470,2a69f2ad271728c99a849d679745492e#201201170710_s3_2_frame299.txt,3,0.65397,0.659645,281,383,126,212,0.8307151917260219,5.0
471,2a69f2ad271728c99a849d679745492e#201201170710_s3_2_frame302.txt,3,0.712429,0.720201,291,389,98,187,0.8239920358387256,5.0
472,2a69f2ad271728c99a849d679745492e#201201170710_s3_2_frame304.txt,3,0.696266,0.703853,290,386,98,185,0.83670963781461,5.0
473,2a69f2ad271728c99a849d679745492e#201201170710_s3_2_frame314.txt,3,0.609496,0.614033,303,389,51,147,0.8530670470756061,5.0
474,2a69f2ad271728c99a849d679745492e#201201170710_s3_2_frame315.txt,3,0.717286,0.717868,327,393,33,132,0.8550185873605947,5.0
477,2a69f2ad271728c99a849d679745492e#201201170710_s3_2_frame456.txt,3,0.692482,0.698499,421,476,81,146,0.9032258064516127,5.0
478,2a69f2ad271728c99a849d679745492e#201201170710_s3_2_frame463.txt,3,0.786904,0.788136,416,481,73,130,0.8358208955223878,5.0
479,2a69f2ad271728c99a849d679745492e#201201170710_s3_2_frame464.txt,3,0.736756,0.738627,416,481,70,128,0.9402985074626864,5.0
480,2a69f2ad271728c99a849d679745492e#201201170710_s3_2_frame467.txt,3,0.797922,0.799033,413,479,58,113,0.8783783783783782,5.0
481,2a69f2ad271728c99a849d679745492e#201201170710_s3_2_frame470.txt,3,0.809693,0.810866,409,481,53,111,0.9145114942528734,5.0
482,2a69f2ad271728c99a849d679745492e#201201170710_s3_2_frame474.txt,3,0.794924,0.79608,402,475,38,95,0.9443289443289441,5.0
483,2a69f2ad271728c99a849d679745492e#201201170710_s3_2_frame478.txt,3,0.869824,0.870484,396,476,33,90,0.8793434235770623,5.0
484,2a69f2ad271728c99a849d679745492e#201201170710_s3_2_frame482.txt,3,0.754085,0.755326,374,455,0,57,0.8953866146848601,5.0
485,2a69f2ad271728c99a849d679745492e#201201170710_s3_2_frame483.txt,3,0.754069,0.755407,374,455,0,57,0.8953866146848601,5.0
486,2a69f2ad271728c99a849d679745492e#201201170710_s3_2_frame484.txt,3,0.755216,0.756526,374,455,0,57,0.8953866146848601,5.0
487,2a69f2ad271728c99a849d679745492e#201201170710_s3_2_frame485.txt,3,0.829725,0.830379,369,451,0,51,0.8428981348637014,5.0
488,2a69f2ad271728c99a849d679745492e#201201170710_s3_2_frame486.txt,3,0.810595,0.811339,369,453,0,51,0.8228291316526609,5.0
489,2a69f2ad271728c99a849d679745492e#201201170710_s3_2_frame489.txt,3,0.719568,0.720997,366,438,0,38,0.8863712095968008,5.0
490,2a69f2ad271728c99a849d679745492e#201201170710_s3_2_frame490.txt,3,0.724739,0.725689,370,434,0,32,0.8274747474747471,5.0
492,2a69f2ad271728c99a849d679745492e#201201170710_s3_2_frame518.txt,3,0.529045,0.53217,269,323,103,137,0.832853025936599,5.0
493,2a69f2ad271728c99a849d679745492e#201201170710_s3_2_frame520.txt,3,0.474332,0.47746,269,323,103,137,0.832853025936599,5.0
494,2a69f2ad271728c99a849d679745492e#201201170710_s3_2_frame523.txt,3,0.514355,0.51737,267,321,103,137,0.8501577287066242,5.0
495,2a69f2ad271728c99a849d679745492e#201201170710_s3_2_frame531.txt,3,0.362781,0.364201,267,314,102,134,0.8355555555555552,5.0
496,2a69f2ad271728c99a849d679745492e#201201170710_s3_2_frame531.txt,3,0.78164,0.7837,44,97,15,63,0.851680185399768,5.0
497,2a69f2ad271728c99a849d679745492e#201201170710_s3_2_frame534.txt,3,0.56038,0.561764,60,109,23,65,0.8131313131313128,5.0
498,2a69f2ad271728c99a849d679745492e#201201170710_s3_2_frame540.txt,0,0.343006,0.34845,9,125,9,126,0.7648351648351648,3.0
499,2a69f2ad271728c99a849d679745492e#201201170710_s3_2_frame549.txt,0,0.352022,0.354995,69,188,16,119,0.7677914704174462,3.0
500,2a69f2ad271728c99a849d679745492e#201201170710_s3_2_frame554.txt,3,0.298788,0.305005,79,215,5,111,0.8988821791083129,3.0
501,2a69f2ad271728c99a849d679745492e#201201170710_s3_2_frame556.txt,3,0.348404,0.365612,79,215,5,113,0.9153717734686014,3.0
502,2a69f2ad271728c99a849d679745492e#201201170710_s3_2_frame558.txt,0,0.453901,0.458937,89,219,8,116,0.8923315259488768,3.0
503,2a69f2ad271728c99a849d679745492e#201201170710_s3_2_frame562.txt,0,0.566794,0.574365,98,226,2,114,0.9141386782231852,3.0
504,2a69f2ad271728c99a849d679745492e#201201170710_s3_2_frame574.txt,0,0.647169,0.650962,113,240,2,115,0.9089560900122509,3.0
505,2a69f2ad271728c99a849d679745492e#201201170710_s3_2_frame580.txt,0,0.406139,0.515222,114,242,3,113,0.8964156108741325,3.0
506,2a69f2ad271728c99a849d679745492e#201201170710_s3_2_frame590.txt,3,0.266675,0.281709,119,245,5,104,0.8076923076923076,3.0
507,2a69f2ad271728c99a849d679745492e#201201170710_s3_2_frame599.txt,0,0.626224,0.631299,124,232,1,113,0.9063681742550294,3.0
508,2a69f2ad271728c99a849d679745492e#201201170710_s3_2_frame604.txt,0,0.614211,0.620545,121,215,1,125,0.9097016715988161,3.0
509,2a69f2ad271728c99a849d679745492e#201201170710_s3_2_frame605.txt,0,0.478349,0.479952,118,211,0,129,0.7917317272659676,3.0
510,2a69f2ad271728c99a849d679745492e#201201170710_s3_2_frame607.txt,0,0.598534,0.600889,117,212,1,131,0.7871500621299612,3.0
511,2a69f2ad271728c99a849d679745492e#201201170710_s3_2_frame619.txt,0,0.510399,0.513905,93,191,14,128,0.7873150105708244,3.0
512,2a69f2ad271728c99a849d679745492e#201201170710_s3_2_frame623.txt,0,0.501031,0.505663,92,201,11,134,0.8804931397892224,3.0
513,2a69f2ad271728c99a849d679745492e#201201170710_s3_2_frame626.txt,0,0.599743,0.651042,93,211,29,143,0.8088099204145844,3.0
514,2a69f2ad271728c99a849d679745492e#201201170710_s3_2_frame629.txt,0,0.669295,0.685931,91,207,24,140,0.8480494107266653,3.0
515,2a69f2ad271728c99a849d679745492e#201201170710_s3_2_frame632.txt,0,0.565102,0.569585,96,220,28,146,0.8939949077811586,3.0
516,2a69f2ad271728c99a849d679745492e#201201170710_s3_2_frame644.txt,0,0.571697,0.718061,135,273,45,165,0.8595524197993606,3.0
517,2a69f2ad271728c99a849d679745492e#201201170710_s3_2_frame646.txt,0,0.470963,0.473481,129,272,45,167,0.8752098792178953,3.0
518,2a69f2ad271728c99a849d679745492e#201201170710_s3_2_frame651.txt,3,0.53554,0.53784,44,93,19,61,0.828402366863905,5.0
520,2a69f2ad271728c99a849d679745492e#201201170710_s3_2_frame684.txt,3,0.638519,0.639768,274,330,57,92,0.7795275590551178,1.0
521,2a69f2ad271728c99a849d679745492e#201201170710_s3_2_frame686.txt,3,0.564359,0.566943,296,349,52,88,0.7931972789115643,1.0
522,2a69f2ad271728c99a849d679745492e#201201170710_s3_2_frame690.txt,3,0.618269,0.620882,311,366,50,83,0.8610056925996201,1.0
523,2a69f2ad271728c99a849d679745492e#201201170710_s3_2_frame691.txt,3,0.594411,0.597185,311,366,48,83,0.8645399907535827,1.0
524,2a69f2ad271728c99a849d679745492e#201201170710_s3_2_frame696.txt,3,0.327081,0.327945,80,133,33,71,0.746543778801843,5.0
525,2a69f2ad271728c99a849d679745492e#201201170710_s3_2_frame696.txt,3,0.545163,0.546558,341,403,39,74,0.971428571428571,1.0
526,2a69f2ad271728c99a849d679745492e#201201170710_s3_2_frame698.txt,3,0.327503,0.332778,365,417,35,69,0.7120141342756181,1.0
527,2a69f2ad271728c99a849d679745492e#201201170710_s3_2_frame698.txt,3,0.592788,0.595217,81,124,29,63,0.7846153846153842,5.0
528,2a69f2ad271728c99a849d679745492e#201201170710_s3_2_frame70.txt,3,0.496828,0.497966,396,425,30,75,0.8218430034129688,5.0
529,2a69f2ad271728c99a849d679745492e#201201170710_s3_2_frame701.txt,3,0.469037,0.471944,391,450,28,61,0.9236242884250471,1.0
530,2a69f2ad271728c99a849d679745492e#201201170710_s3_2_frame703.txt,3,0.455506,0.458575,390,451,28,61,0.9549335863377605,1.0
531,2a69f2ad271728c99a849d679745492e#201201170710_s3_2_frame704.txt,3,0.455506,0.458575,390,451,28,61,0.9549335863377605,1.0
532,2a69f2ad271728c99a849d679745492e#201201170710_s3_2_frame707.txt,3,0.348959,0.351422,79,113,19,58,0.7937743190661474,5.0
533,2a69f2ad271728c99a849d679745492e#201201170710_s3_2_frame707.txt,3,0.392532,0.394736,419,478,24,57,0.6490202818838087,1.0
534,2a69f2ad271728c99a849d679745492e#201201170710_s3_2_frame71.txt,3,0.574457,0.575692,396,425,30,75,0.8218430034129688,5.0
535,2a69f2ad271728c99a849d679745492e#201201170710_s3_2_frame721.txt,3,0.293425,0.294624,486,556,4,43,0.8662207357859529,1.0
538,2a69f2ad271728c99a849d679745492e#201201170710_s3_2_frame74.txt,3,0.618869,0.620042,389,420,39,84,0.8356254092992791,5.0
540,2a69f2ad271728c99a849d679745492e#201201170710_s3_2_frame891.txt,3,0.673499,0.67458,228,277,47,80,0.8044605809128627,5.0
541,2a69f2ad271728c99a849d679745492e#201201170710_s3_2_frame892.txt,3,0.681404,0.683631,225,275,44,78,0.9511764705882347,5.0
542,2a69f2ad271728c99a849d679745492e#201201170710_s3_2_frame893.txt,3,0.688438,0.690473,225,275,44,78,0.9511764705882347,5.0
543,2a69f2ad271728c99a849d679745492e#201201170710_s3_2_frame896.txt,3,0.49615,0.503888,319,366,91,145,0.27187206020696136,5.0
544,2a69f2ad271728c99a849d679745492e#201201170710_s3_2_frame896.txt,3,0.670266,0.67291,224,266,40,74,0.888461538461538,5.0
547,390b3133d417e8660afd01c18abd1a19#201102271650_s10_4_frame107.txt,7,0.283288,0.293799,277,315,209,261,0.40421052631578935,7.0
549,390b3133d417e8660afd01c18abd1a19#201102271650_s10_4_frame107.txt,5,0.699701,0.708382,361,427,129,177,0.8888888888888886,7.0
554,390b3133d417e8660afd01c18abd1a19#201102271650_s10_4_frame139.txt,5,0.753091,0.761219,282,370,179,230,0.837625979843225,7.0
556,390b3133d417e8660afd01c18abd1a19#201102271650_s10_4_frame140.txt,3,0.35044,0.469485,218,302,134,193,0.8877064220183485,9.0
557,390b3133d417e8660afd01c18abd1a19#201102271650_s10_4_frame140.txt,1,0.382964,0.65578,219,305,132,192,0.8629261363636362,9.0
558,390b3133d417e8660afd01c18abd1a19#201102271650_s10_4_frame140.txt,5,0.782378,0.790342,290,370,177,230,0.8855472013366749,7.0
559,390b3133d417e8660afd01c18abd1a19#201102271650_s10_4_frame142.txt,1,0.466533,0.694613,261,343,128,182,0.8675128917096389,9.0
560,390b3133d417e8660afd01c18abd1a19#201102271650_s10_4_frame142.txt,5,0.599015,0.602197,318,375,189,233,0.6045142296368988,7.0
561,390b3133d417e8660afd01c18abd1a19#201102271650_s10_4_frame143.txt,5,0.613706,0.632612,318,382,188,237,0.8866805102343516,7.0
563,390b3133d417e8660afd01c18abd1a19#201102271650_s10_4_frame143.txt,3,0.688333,0.729191,294,371,131,187,0.8086347724620768,9.0
564,390b3133d417e8660afd01c18abd1a19#201102271650_s10_4_frame158.txt,5,0.269606,0.272373,346,390,198,240,0.8333333333333329,7.0
565,390b3133d417e8660afd01c18abd1a19#201102271650_s10_4_frame158.txt,8,0.336945,0.349942,87,131,156,203,0.38816022686990415,7.0
566,390b3133d417e8660afd01c18abd1a19#201102271650_s10_4_frame158.txt,1,0.663701,0.678426,154,250,62,188,0.7868852459016392,6.0
567,390b3133d417e8660afd01c18abd1a19#201102271650_s10_4_frame166.txt,3,0.275377,0.27773,421,465,51,120,0.8417240130387539,4.0
568,390b3133d417e8660afd01c18abd1a19#201102271650_s10_4_frame166.txt,1,0.438557,0.558137,1,69,125,226,0.6266263940520445,4.0
570,390b3133d417e8660afd01c18abd1a19#201102271650_s10_4_frame196.txt,5,0.775045,0.778557,241,332,152,207,0.8391608391608391,7.0
571,390b3133d417e8660afd01c18abd1a19#201102271650_s10_4_frame201.txt,5,0.755344,0.760381,259,333,155,205,0.9459459459459457,7.0
572,390b3133d417e8660afd01c18abd1a19#201102271650_s10_4_frame205.txt,5,0.690127,0.697998,292,349,167,213,0.901243599122165,7.0
573,390b3133d417e8660afd01c18abd1a19#201102271650_s10_4_frame208.txt,5,0.506173,0.508349,318,362,178,224,0.8382899628252785,7.0
579,390b3133d417e8660afd01c18abd1a19#201102271650_s10_9_frame254.txt,3,0.630243,0.63244,545,595,233,272,0.9199999999999996,5.0
580,390b3133d417e8660afd01c18abd1a19#201102271650_s10_9_frame28.txt,3,0.354097,0.355049,248,285,166,211,0.5736467543670476,6.0
581,390b3133d417e8660afd01c18abd1a19#201102271650_s10_9_frame28.txt,4,0.557714,0.576447,249,337,33,90,0.871682193707154,6.0
582,390b3133d417e8660afd01c18abd1a19#201102271650_s10_9_frame38.txt,3,0.672205,0.674811,441,516,38,94,0.8511383537653239,5.0
583,390b3133d417e8660afd01c18abd1a19#201102271650_s10_9_frame38.txt,7,0.707656,0.771183,57,159,121,227,1.2149051888872555,5.0
584,390b3133d417e8660afd01c18abd1a19#201102271650_s10_9_frame38.txt,3,0.828778,0.829885,241,295,106,144,0.9144486692015206,5.0
585,39390008c7d6c34e82780f7a7b5a6457#201103310620_s8_3_frame1.txt,5,0.724117,0.730769,315,382,238,281,0.921727833712244,7.0
586,39390008c7d6c34e82780f7a7b5a6457#201103310620_s8_3_frame123.txt,8,0.463125,0.502099,303,354,260,306,23.119266055045767,5.0
587,39390008c7d6c34e82780f7a7b5a6457#201103310620_s8_3_frame123.txt,3,0.676925,0.678055,309,364,105,156,0.8640365177698074,5.0
588,39390008c7d6c34e82780f7a7b5a6457#201103310620_s8_3_frame130.txt,3,0.441909,0.445924,447,493,229,263,0.7617593158216245,5.0
589,39390008c7d6c34e82780f7a7b5a6457#201103310620_s8_3_frame130.txt,3,0.4801,0.507254,196,245,179,221,1.020382165605095,5.0
590,39390008c7d6c34e82780f7a7b5a6457#201103310620_s8_3_frame130.txt,3,0.624564,0.62841,512,572,233,277,0.8936170212765955,5.0
591,39390008c7d6c34e82780f7a7b5a6457#201103310620_s8_3_frame132.txt,3,0.50998,0.511186,478,524,211,244,0.8365019011406839,5.0
592,39390008c7d6c34e82780f7a7b5a6457#201103310620_s8_3_frame132.txt,3,0.563261,0.563906,562,619,220,259,0.9036295369211511,5.0
593,39390008c7d6c34e82780f7a7b5a6457#201103310620_s8_3_frame132.txt,3,0.663434,0.685031,184,245,174,219,0.859692966797572,5.0
594,39390008c7d6c34e82780f7a7b5a6457#201103310620_s8_3_frame157.txt,8,0.257304,0.333885,219,293,230,288,0.2945059211803533,7.0
596,39390008c7d6c34e82780f7a7b5a6457#201103310620_s8_3_frame166.txt,3,0.641149,0.643676,162,215,76,125,0.8918820531488894,5.0
597,39390008c7d6c34e82780f7a7b5a6457#201103310620_s8_3_frame166.txt,8,0.647586,0.65509,228,304,239,297,0.34769230769230763,5.0
598,39390008c7d6c34e82780f7a7b5a6457#201103310620_s8_3_frame171.txt,5,0.757551,0.761499,298,426,209,267,0.8545258620689654,7.0
600,39390008c7d6c34e82780f7a7b5a6457#201103310620_s8_3_frame178.txt,5,0.757605,0.760794,448,556,195,246,0.8596491228070174,7.0
601,39390008c7d6c34e82780f7a7b5a6457#201103310620_s8_3_frame180.txt,5,0.639148,0.641383,497,603,197,251,0.7791225416036307,7.0
602,39390008c7d6c34e82780f7a7b5a6457#201103310620_s8_3_frame181.txt,5,0.497679,0.500601,519,617,206,256,0.8079882740930743,7.0
607,39390008c7d6c34e82780f7a7b5a6457#201103310620_s8_3_frame209.txt,5,0.723782,0.730828,517,603,120,189,0.8990909090909089,7.0
608,39390008c7d6c34e82780f7a7b5a6457#201103310620_s8_3_frame211.txt,5,0.712028,0.716302,518,612,128,193,0.9224033816425119,7.0
609,39390008c7d6c34e82780f7a7b5a6457#201103310620_s8_3_frame214.txt,5,0.647241,0.651011,534,628,139,202,0.8962172647914645,7.0
614,39390008c7d6c34e82780f7a7b5a6457#201103310620_s8_3_frame255.txt,3,0.682025,0.686036,483,543,63,107,0.8974358974358971,5.0
616,39390008c7d6c34e82780f7a7b5a6457#201103310620_s8_3_frame260.txt,3,0.522452,0.535307,480,537,180,260,0.844841592201462,5.0
617,39390008c7d6c34e82780f7a7b5a6457#201103310620_s8_3_frame260.txt,7,0.638297,0.641505,289,356,274,307,0.26431387272385953,5.0
618,39390008c7d6c34e82780f7a7b5a6457#201103310620_s8_3_frame28.txt,3,0.447245,0.450001,494,547,97,136,0.7552870090634438,5.0
620,39390008c7d6c34e82780f7a7b5a6457#201103310620_s8_3_frame3.txt,5,0.592703,0.614898,329,380,244,283,0.8589680589680586,7.0
621,39390008c7d6c34e82780f7a7b5a6457#201103310620_s8_3_frame32.txt,8,0.546777,0.549649,575,630,427,472,0.4391785150078988,5.0
622,39390008c7d6c34e82780f7a7b5a6457#201103310620_s8_3_frame32.txt,3,0.623817,0.626057,530,583,106,151,0.811359026369168,5.0
623,39390008c7d6c34e82780f7a7b5a6457#201103310620_s8_3_frame38.txt,8,0.361561,0.363665,576,628,431,478,1.043252595155709,5.0
624,39390008c7d6c34e82780f7a7b5a6457#201103310620_s8_3_frame38.txt,3,0.627597,0.628948,546,595,173,228,0.7927927927927926,5.0
625,39390008c7d6c34e82780f7a7b5a6457#201103310620_s8_3_frame39.txt,3,0.373398,0.381679,542,591,180,233,23.497536945812694,0.0
626,39390008c7d6c34e82780f7a7b5a6457#201103310620_s8_3_frame39.txt,3,0.559316,0.608517,553,631,1,67,0.9610425240054867,5.0
633,39390008c7d6c34e82780f7a7b5a6457#201103310620_s8_3_frame6.txt,5,0.627548,0.629322,335,382,249,291,0.9088145896656531,7.0
637,39390008c7d6c34e82780f7a7b5a6457#201103310620_s8_3_frame9.txt,5,0.646125,0.658801,341,404,260,302,0.8399999999999997,7.0
639,39390008c7d6c34e82780f7a7b5a6457#201103310620_s8_4_frame10.txt,3,0.70031,0.710475,442,566,124,217,0.9203954214360041,8.0
640,39390008c7d6c34e82780f7a7b5a6457#201103310620_s8_4_frame10.txt,5,0.714425,0.719235,523,593,210,252,0.819975339087546,7.0
643,39390008c7d6c34e82780f7a7b5a6457#201103310620_s8_4_frame103.txt,1,0.539107,0.658665,170,298,171,276,0.7801418439716311,5.0
644,39390008c7d6c34e82780f7a7b5a6457#201103310620_s8_4_frame105.txt,1,0.3936,0.703403,119,233,107,206,0.8520179372197308,5.0
645,39390008c7d6c34e82780f7a7b5a6457#201103310620_s8_4_frame105.txt,3,0.48609,0.600841,123,230,107,208,0.9069381335197482,5.0
646,39390008c7d6c34e82780f7a7b5a6457#201103310620_s8_4_frame106.txt,1,0.669507,0.700965,95,197,76,170,0.8698553948832034,5.0
647,39390008c7d6c34e82780f7a7b5a6457#201103310620_s8_4_frame107.txt,3,0.393062,0.722422,85,187,68,154,1.0260795935647755,0.0
648,39390008c7d6c34e82780f7a7b5a6457#201103310620_s8_4_frame107.txt,1,0.702821,0.765418,83,186,65,153,1.029139072847682,0.0
651,39390008c7d6c34e82780f7a7b5a6457#201103310620_s8_4_frame123.txt,3,0.366438,0.416607,290,354,94,145,0.8949191685912238,0.0
652,39390008c7d6c34e82780f7a7b5a6457#201103310620_s8_4_frame128.txt,8,0.263811,0.330616,284,336,143,190,1.276716206652512,0.0
653,39390008c7d6c34e82780f7a7b5a6457#201103310620_s8_4_frame128.txt,3,0.330085,0.338272,283,334,144,189,1.3512906846240176,0.0
654,39390008c7d6c34e82780f7a7b5a6457#201103310620_s8_4_frame128.txt,5,0.352194,0.359505,227,293,248,295,3.8343558282208563,0.0
655,39390008c7d6c34e82780f7a7b5a6457#201103310620_s8_4_frame135.txt,3,0.43521,0.438402,337,396,108,158,0.8629882207067574,0.0
656,39390008c7d6c34e82780f7a7b5a6457#201103310620_s8_4_frame135.txt,5,0.454668,0.505037,239,313,253,299,0.7277904328018221,7.0
657,39390008c7d6c34e82780f7a7b5a6457#201103310620_s8_4_frame158.txt,5,0.699472,0.706274,371,434,225,263,0.7394366197183097,7.0
658,39390008c7d6c34e82780f7a7b5a6457#201103310620_s8_4_frame161.txt,5,0.734591,0.737752,406,470,209,246,0.9736842105263154,7.0
659,39390008c7d6c34e82780f7a7b5a6457#201103310620_s8_4_frame162.txt,5,0.629517,0.631922,417,483,202,241,0.8714018691588782,7.0
661,39390008c7d6c34e82780f7a7b5a6457#201103310620_s8_4_frame165.txt,5,0.692844,0.702535,453,512,190,230,0.9062247372675826,7.0
662,39390008c7d6c34e82780f7a7b5a6457#201103310620_s8_4_frame167.txt,3,0.260538,0.300952,469,520,184,221,5.100758396533039,0.0
663,39390008c7d6c34e82780f7a7b5a6457#201103310620_s8_4_frame167.txt,5,0.560133,0.574113,471,518,186,219,17.843416370106695,0.0
664,39390008c7d6c34e82780f7a7b5a6457#201103310620_s8_4_frame167.txt,3,0.561532,0.562523,430,479,149,187,0.6619859578736206,8.0
665,39390008c7d6c34e82780f7a7b5a6457#201103310620_s8_4_frame169.txt,8,0.309241,0.389313,204,252,89,164,1.0762124711316394,7.0
666,39390008c7d6c34e82780f7a7b5a6457#201103310620_s8_4_frame169.txt,5,0.636831,0.639339,481,528,177,215,1.8228855721393027,7.0
667,39390008c7d6c34e82780f7a7b5a6457#201103310620_s8_4_frame172.txt,5,0.574506,0.5817,489,539,171,209,0.8313253012048188,7.0
668,39390008c7d6c34e82780f7a7b5a6457#201103310620_s8_4_frame178.txt,3,0.668044,0.672628,409,488,138,192,0.8100902378999179,5.0
672,39390008c7d6c34e82780f7a7b5a6457#201103310620_s8_4_frame188.txt,3,0.608203,0.616351,540,593,228,272,0.7101200686106344,5.0
673,39390008c7d6c34e82780f7a7b5a6457#201103310620_s8_4_frame19.txt,8,0.714623,0.725128,257,341,223,289,0.7193336698637051,5.0
674,39390008c7d6c34e82780f7a7b5a6457#201103310620_s8_4_frame191.txt,3,0.474393,0.512161,458,507,278,320,0.8289473684210523,5.0
675,39390008c7d6c34e82780f7a7b5a6457#201103310620_s8_4_frame20.txt,8,0.399706,0.648459,255,337,227,289,0.8772604848018467,5.0
676,39390008c7d6c34e82780f7a7b5a6457#201103310620_s8_4_frame20.txt,3,0.630364,0.713962,254,338,225,288,0.8631519910263599,5.0
681,39390008c7d6c34e82780f7a7b5a6457#201103310620_s8_4_frame211.txt,5,0.620887,0.628697,430,479,197,233,0.8655737704918028,7.0
682,39390008c7d6c34e82780f7a7b5a6457#201103310620_s8_4_frame221.txt,3,0.304576,0.307136,383,426,64,128,0.3550219468112573,8.0
683,39390008c7d6c34e82780f7a7b5a6457#201103310620_s8_4_frame221.txt,7,0.609774,0.625007,184,233,173,220,1.6984902309058607,8.0
684,39390008c7d6c34e82780f7a7b5a6457#201103310620_s8_4_frame221.txt,3,0.644569,0.646648,484,560,132,189,1.1008064516129028,8.0
685,39390008c7d6c34e82780f7a7b5a6457#201103310620_s8_4_frame222.txt,3,0.755608,0.756966,365,431,90,155,0.9130434782608694,5.0
686,39390008c7d6c34e82780f7a7b5a6457#201103310620_s8_4_frame222.txt,3,0.75902,0.760519,512,580,157,208,0.8888888888888886,5.0
687,39390008c7d6c34e82780f7a7b5a6457#201103310620_s8_4_frame225.txt,3,0.326569,0.329569,400,445,218,263,0.38496791934005486,0.0
688,39390008c7d6c34e82780f7a7b5a6457#201103310620_s8_4_frame225.txt,8,0.65859,0.683012,180,268,212,289,1.3256513026052101,0.0
690,39390008c7d6c34e82780f7a7b5a6457#201103310620_s8_4_frame233.txt,3,0.630015,0.636815,546,599,149,213,0.660905709910304,5.0
692,39390008c7d6c34e82780f7a7b5a6457#201103310620_s8_4_frame233.txt,3,0.786764,0.787873,529,613,38,97,0.8290051937674788,5.0
695,39390008c7d6c34e82780f7a7b5a6457#201103310620_s8_4_frame238.txt,3,0.685212,0.687325,557,631,13,61,0.834782608695652,5.0
696,39390008c7d6c34e82780f7a7b5a6457#201103310620_s8_4_frame243.txt,5,0.39709,0.402661,401,459,191,228,0.8414298808432628,7.0
697,39390008c7d6c34e82780f7a7b5a6457#201103310620_s8_4_frame243.txt,3,0.441827,0.446559,373,436,270,311,0.3586459286367794,7.0
698,39390008c7d6c34e82780f7a7b5a6457#201103310620_s8_4_frame243.txt,3,0.686078,0.687647,515,575,104,158,0.9015280135823427,8.0
699,39390008c7d6c34e82780f7a7b5a6457#201103310620_s8_4_frame248.txt,3,0.253626,0.255505,551,595,250,290,1.5088339222614835,8.0
700,39390008c7d6c34e82780f7a7b5a6457#201103310620_s8_4_frame248.txt,3,0.321727,0.324766,259,309,234,273,0.822157434402332,8.0
701,39390008c7d6c34e82780f7a7b5a6457#201103310620_s8_4_frame248.txt,5,0.546776,0.548573,401,456,188,224,0.8507734303912644,7.0
702,39390008c7d6c34e82780f7a7b5a6457#201103310620_s8_4_frame248.txt,3,0.76386,0.764993,568,636,72,129,0.9548645937813438,8.0
705,39390008c7d6c34e82780f7a7b5a6457#201103310620_s8_4_frame265.txt,5,0.532857,0.537581,418,472,200,232,0.7964071856287422,8.0
706,39390008c7d6c34e82780f7a7b5a6457#201103310620_s8_4_frame267.txt,3,0.390082,0.410307,388,449,24,66,2.8235294117647034,7.0
707,39390008c7d6c34e82780f7a7b5a6457#201103310620_s8_4_frame267.txt,5,0.567478,0.57289,426,480,198,231,3.0588235294117623,8.0
708,39390008c7d6c34e82780f7a7b5a6457#201103310620_s8_4_frame268.txt,3,0.314526,0.348922,412,478,32,80,0.8761274804570052,8.0
709,39390008c7d6c34e82780f7a7b5a6457#201103310620_s8_4_frame268.txt,5,0.594374,0.602361,431,486,199,230,0.9516770892552582,7.0
710,39390008c7d6c34e82780f7a7b5a6457#201103310620_s8_4_frame279.txt,5,0.354997,0.355918,486,531,194,233,0.7230693556320705,7.0
711,39390008c7d6c34e82780f7a7b5a6457#201103310620_s8_4_frame279.txt,3,0.635098,0.637491,264,317,251,296,1.4927623642943297,7.0
712,39390008c7d6c34e82780f7a7b5a6457#201103310620_s8_4_frame3.txt,5,0.745022,0.755107,482,568,208,251,0.9069767441860462,7.0
715,39390008c7d6c34e82780f7a7b5a6457#201103310620_s8_4_frame56.txt,8,0.338362,0.353129,223,281,200,259,0.6829001965494648,5.0
717,39390008c7d6c34e82780f7a7b5a6457#201103310620_s8_4_frame7.txt,3,0.637639,0.656652,542,638,71,177,0.8433130154177123,8.0
718,39390008c7d6c34e82780f7a7b5a6457#201103310620_s8_4_frame7.txt,5,0.670171,0.677056,504,584,209,248,0.9080047789725206,7.0
720,39390008c7d6c34e82780f7a7b5a6457#201103310620_s8_4_frame8.txt,3,0.695956,0.69639,512,636,84,182,0.9838709677419354,8.0
721,39390008c7d6c34e82780f7a7b5a6457#201103310620_s8_4_frame8.txt,5,0.708315,0.711317,508,588,207,249,0.8472686733556296,7.0
723,39390008c7d6c34e82780f7a7b5a6457#201103310620_s8_4_frame99.txt,3,0.748856,0.757481,272,344,155,220,0.7840015346249759,5.0
725,5996091d0966e6df505ce49df2be9a90#201106291050_s4_9_frame107.txt,1,0.535448,0.644581,287,342,17,81,0.8228143992519867,4.0
727,5996091d0966e6df505ce49df2be9a90#201106291050_s4_9_frame118.txt,3,0.504857,0.50592,290,346,44,95,0.840440165061898,5.0
728,5996091d0966e6df505ce49df2be9a90#201106291050_s4_9_frame123.txt,3,0.495779,0.498518,373,419,105,137,0.8900126422250311,5.0
729,5996091d0966e6df505ce49df2be9a90#201106291050_s4_9_frame123.txt,3,0.544145,0.54666,356,408,37,74,0.9371833839918942,5.0
730,5996091d0966e6df505ce49df2be9a90#201106291050_s4_9_frame125.txt,3,0.50257,0.505088,386,450,0,41,3.278925619834707,5.0
734,5996091d0966e6df505ce49df2be9a90#201106291050_s4_9_frame190.txt,3,0.416955,0.417824,353,467,336,426,0.6743925233644859,5.0
736,5996091d0966e6df505ce49df2be9a90#201106291050_s4_9_frame192.txt,3,0.608709,0.609674,340,448,323,410,0.6615581098339718,5.0
737,5996091d0966e6df505ce49df2be9a90#201106291050_s4_9_frame20.txt,3,0.339853,0.34171,513,563,74,111,0.7279534109816969,5.0
738,5996091d0966e6df505ce49df2be9a90#201106291050_s4_9_frame20.txt,3,0.360037,0.362187,459,506,35,83,0.8634812286689416,5.0
739,5996091d0966e6df505ce49df2be9a90#201106291050_s4_9_frame20.txt,3,0.671733,0.673526,321,371,215,285,0.8457711442786068,5.0
743,5996091d0966e6df505ce49df2be9a90#201106291050_s4_9_frame213.txt,8,0.398015,0.404084,1,139,356,481,12.821548821548815,4.0
744,5996091d0966e6df505ce49df2be9a90#201106291050_s4_9_frame213.txt,1,0.81844,0.834895,61,144,8,83,0.8434959349593495,4.0
745,5996091d0966e6df505ce49df2be9a90#201106291050_s4_9_frame214.txt,1,0.786391,0.806806,59,159,9,84,0.8635014836795251,4.0
746,5996091d0966e6df505ce49df2be9a90#201106291050_s4_9_frame215.txt,1,0.672846,0.72921,64,176,9,81,0.8535871156661784,4.0
749,5996091d0966e6df505ce49df2be9a90#201106291050_s4_9_frame23.txt,1,0.500723,0.628666,33,103,62,134,0.7137931034482757,4.0
750,5996091d0966e6df505ce49df2be9a90#201106291050_s4_9_frame23.txt,3,0.815672,0.816374,321,399,215,286,0.8251975825197582,5.0
751,5996091d0966e6df505ce49df2be9a90#201106291050_s4_9_frame233.txt,3,0.627901,0.635597,381,456,230,293,0.9019152640742889,5.0
752,5996091d0966e6df505ce49df2be9a90#201106291050_s4_9_frame234.txt,3,0.640379,0.646163,370,435,228,294,0.9142480211081793,5.0
753,5996091d0966e6df505ce49df2be9a90#201106291050_s4_9_frame238.txt,3,0.719455,0.720994,268,348,237,296,0.8186110564627187,5.0
754,5996091d0966e6df505ce49df2be9a90#201106291050_s4_9_frame239.txt,3,0.649875,0.651388,252,314,242,294,0.7924528301886791,5.0
755,5996091d0966e6df505ce49df2be9a90#201106291050_s4_9_frame24.txt,3,0.724027,0.729109,333,412,215,291,0.9385687143761873,5.0
756,5996091d0966e6df505ce49df2be9a90#201106291050_s4_9_frame24.txt,1,0.745461,0.769831,49,115,53,131,0.847873962392004,4.0
757,5996091d0966e6df505ce49df2be9a90#201106291050_s4_9_frame251.txt,1,0.702101,0.73765,46,127,9,89,0.8056801195814648,4.0
758,5996091d0966e6df505ce49df2be9a90#201106291050_s4_9_frame253.txt,1,0.449559,0.4789,74,130,56,113,0.8458646616541351,4.0
759,5996091d0966e6df505ce49df2be9a90#201106291050_s4_9_frame264.txt,1,0.505057,0.545896,39,109,9,69,0.8142031379025597,4.0
760,5996091d0966e6df505ce49df2be9a90#201106291050_s4_9_frame27.txt,3,0.734284,0.741193,394,478,200,273,0.8221070811744385,5.0
761,5996091d0966e6df505ce49df2be9a90#201106291050_s4_9_frame27.txt,1,0.801022,0.824941,120,209,87,174,0.8952973555103504,4.0
763,5996091d0966e6df505ce49df2be9a90#201106291050_s4_9_frame273.txt,3,0.577262,0.593893,200,256,151,205,0.91362763915547,5.0
764,5996091d0966e6df505ce49df2be9a90#201106291050_s4_9_frame28.txt,1,0.298159,0.519071,226,300,132,224,0.9220853623603551,5.0
765,5996091d0966e6df505ce49df2be9a90#201106291050_s4_9_frame28.txt,3,0.637174,0.644123,225,300,132,222,0.9543659499780605,5.0
766,5996091d0966e6df505ce49df2be9a90#201106291050_s4_9_frame28.txt,3,0.796417,0.797131,401,479,193,265,0.8624078624078623,5.0
768,5996091d0966e6df505ce49df2be9a90#201106291050_s4_9_frame31.txt,8,0.273777,0.279946,0,116,257,449,10.087719298245611,5.0
769,5996091d0966e6df505ce49df2be9a90#201106291050_s4_9_frame31.txt,3,0.324258,0.551269,346,456,20,119,0.9185222672064776,5.0
770,5996091d0966e6df505ce49df2be9a90#201106291050_s4_9_frame31.txt,1,0.524642,0.580164,342,455,20,122,0.906555772994129,5.0
772,5996091d0966e6df505ce49df2be9a90#201106291050_s4_9_frame31.txt,3,0.697555,0.698846,423,534,159,234,0.8424408014571948,5.0
773,5996091d0966e6df505ce49df2be9a90#201106291050_s4_9_frame36.txt,1,0.681881,0.69166,156,297,0,105,0.9117821195973947,4.0
774,5996091d0966e6df505ce49df2be9a90#201106291050_s4_9_frame36.txt,3,0.785988,0.787039,489,587,145,212,0.8379655364091161,5.0
775,5996091d0966e6df505ce49df2be9a90#201106291050_s4_9_frame38.txt,1,0.645557,0.656083,178,312,1,82,2.054751876945614,5.0
776,5996091d0966e6df505ce49df2be9a90#201106291050_s4_9_frame38.txt,3,0.805791,0.806408,534,639,126,194,1.0245426149040604,4.0
777,5996091d0966e6df505ce49df2be9a90#201106291050_s4_9_frame42.txt,3,0.776776,0.777564,547,637,130,205,0.8269734123157458,5.0
778,5996091d0966e6df505ce49df2be9a90#201106291050_s4_9_frame43.txt,3,0.728406,0.729784,556,636,147,228,0.8562367864693445,5.0
779,5996091d0966e6df505ce49df2be9a90#201106291050_s4_9_frame46.txt,3,0.689135,0.690522,563,637,157,223,0.8021978021978021,5.0
780,5996091d0966e6df505ce49df2be9a90#201106291050_s4_9_frame49.txt,3,0.48614,0.500288,570,634,144,201,1.529411764705882,5.0
781,5996091d0966e6df505ce49df2be9a90#201106291050_s4_9_frame5.txt,3,0.435604,0.688145,338,439,223,311,0.8037803780378037,5.0
782,5996091d0966e6df505ce49df2be9a90#201106291050_s4_9_frame5.txt,1,0.611386,0.666854,334,440,220,313,6.507645259938835,4.0
783,5996091d0966e6df505ce49df2be9a90#201106291050_s4_9_frame58.txt,3,0.384201,0.613058,351,477,68,171,0.7051934042225303,4.0
784,5996091d0966e6df505ce49df2be9a90#201106291050_s4_9_frame58.txt,1,0.514069,0.640292,350,476,68,168,0.7263492063492062,4.0
785,5996091d0966e6df505ce49df2be9a90#201106291050_s4_9_frame6.txt,3,0.681294,0.682799,330,412,225,303,0.8807169344870209,5.0
786,5996091d0966e6df505ce49df2be9a90#201106291050_s4_9_frame61.txt,1,0.535256,0.714031,380,485,1,91,0.8980827447023207,4.0
787,5996091d0966e6df505ce49df2be9a90#201106291050_s4_9_frame66.txt,1,0.757296,0.772996,453,543,246,332,0.8775510204081631,4.0
788,5996091d0966e6df505ce49df2be9a90#201106291050_s4_9_frame72.txt,1,0.562681,0.703099,457,543,240,333,0.9465020576131685,4.0
789,5996091d0966e6df505ce49df2be9a90#201106291050_s4_9_frame72.txt,3,0.612587,0.616213,572,629,51,111,0.5128879537085743,4.0
797,5996091d0966e6df505ce49df2be9a90#201106291050_s4_9_frame9.txt,1,0.7478,0.770261,119,230,118,197,0.9215536938309213,4.0
798,5996091d0966e6df505ce49df2be9a90#201106291050_s4_9_frame93.txt,3,0.614827,0.643232,486,574,187,253,0.8512898330804247,5.0
799,5996091d0966e6df505ce49df2be9a90#201106291050_s4_9_frame97.txt,3,0.581867,0.585248,323,378,144,188,0.8593749999999998,5.0
800,5996091d0966e6df505ce49df2be9a90#201106291050_s4_9_frame98.txt,3,0.548549,0.552523,283,337,123,164,0.7898383371824478,5.0
801,7cadb2ec9cb2e59616e76fe98e85b43c#201105051700_0_frame14.txt,8,0.654301,0.657425,415,509,159,239,0.6957063555001698,2.0
802,7cadb2ec9cb2e59616e76fe98e85b43c#201105051700_0_frame24.txt,2,0.458702,0.505771,400,522,113,195,0.7747796366252921,2.0
803,7cadb2ec9cb2e59616e76fe98e85b43c#201105051700_0_frame6.txt,2,0.2962,0.413171,451,533,162,261,0.5609452736318408,2.0
804,7cadb2ec9cb2e59616e76fe98e85b43c#201105051700_0_frame6.txt,0,0.298893,0.328594,448,533,158,266,0.6153530938396393,2.0
805,7cadb2ec9cb2e59616e76fe98e85b43c#201105051700_0_frame7.txt,8,0.328819,0.365213,440,525,173,260,0.5748600746268656,2.0
806,8c1a070baba446762959a70682158553#201206061330_s1_8_frame120.txt,3,0.301954,0.303696,354,402,179,222,0.5370804059328648,5.0
807,8c1a070baba446762959a70682158553#201206061330_s1_8_frame121.txt,3,0.519054,0.521178,351,393,186,228,0.5335753176043556,5.0
808,8c1a070baba446762959a70682158553#201206061330_s1_8_frame122.txt,3,0.530321,0.533905,338,391,191,231,0.8492462311557786,5.0
809,8c1a070baba446762959a70682158553#201206061330_s1_8_frame123.txt,3,0.584668,0.58874,326,383,192,236,0.7479401891974364,5.0
810,8c1a070baba446762959a70682158553#201206061330_s1_8_frame129.txt,3,0.745447,0.747048,272,336,158,209,0.872410032715376,5.0
811,8c1a070baba446762959a70682158553#201206061330_s1_8_frame130.txt,3,0.778665,0.779749,263,330,152,206,0.9393125671321157,5.0
814,8c1a070baba446762959a70682158553#201206061330_s1_8_frame141.txt,3,0.264659,0.265557,260,298,98,139,0.8105134474327624,5.0
815,8c1a070baba446762959a70682158553#201206061330_s1_8_frame142.txt,3,0.486682,0.489418,261,303,91,136,0.8324873096446697,5.0
816,8c1a070baba446762959a70682158553#201206061330_s1_8_frame144.txt,3,0.376503,0.37969,266,312,83,124,0.8390697674418601,5.0
817,8c1a070baba446762959a70682158553#201206061330_s1_8_frame149.txt,3,0.639839,0.64226,286,330,66,107,0.8219178082191777,5.0
818,8c1a070baba446762959a70682158553#201206061330_s1_8_frame151.txt,3,0.285242,0.286206,291,345,58,103,0.6913580246913578,5.0
819,8c1a070baba446762959a70682158553#201206061330_s1_8_frame153.txt,3,0.430888,0.433581,306,355,56,96,0.9333333333333329,5.0
820,8c1a070baba446762959a70682158553#201206061330_s1_8_frame206.txt,3,0.42075,0.424134,235,349,107,251,0.4709343794579173,1.0
821,8c1a070baba446762959a70682158553#201206061330_s1_8_frame225.txt,4,0.260463,0.443894,482,638,239,329,0.6877323420074349,1.0
822,8c1a070baba446762959a70682158553#201206061330_s1_8_frame230.txt,3,0.410436,0.411907,373,428,106,158,0.7932752179327519,5.0
825,8c1a070baba446762959a70682158553#201206061330_s1_8_frame263.txt,3,0.350043,0.351969,413,559,302,395,0.902881236823612,1.0
827,8c1a070baba446762959a70682158553#201206061330_s1_8_frame39.txt,3,0.68415,0.685114,339,382,182,226,0.8451374207188157,5.0
828,8c1a070baba446762959a70682158553#201206061330_s1_8_frame48.txt,3,0.667922,0.67179,371,421,197,242,0.8637532133676089,5.0
829,8c1a070baba446762959a70682158553#201206061330_s1_8_frame50.txt,3,0.376665,0.379849,379,426,201,246,0.8462549277266751,5.0
831,8c1a070baba446762959a70682158553#201206061330_s1_8_frame749.txt,3,0.636431,0.637727,233,285,166,206,0.867674858223062,5.0
832,8c1a070baba446762959a70682158553#201206061330_s1_8_frame750.txt,3,0.599918,0.600934,238,287,166,205,0.8966369930761618,5.0
833,8c1a070baba446762959a70682158553#201206061330_s1_8_frame757.txt,3,0.469833,0.470861,272,316,159,200,0.7383592017738355,5.0
834,8c1a070baba446762959a70682158553#201206061330_s1_8_frame758.txt,3,0.348356,0.348934,276,317,160,202,0.7520325203252028,5.0
837,8c1a070baba446762959a70682158553#201206061330_s1_8_frame775.txt,3,0.478708,0.481528,314,362,139,182,0.8468992248062012,5.0
838,8c1a070baba446762959a70682158553#201206061330_s1_8_frame795.txt,3,0.787988,0.789109,309,383,122,173,0.810271041369472,5.0
839,8c1a070baba446762959a70682158553#201206061330_s1_8_frame796.txt,3,0.761422,0.76751,299,381,115,169,0.9260600894949924,5.0
840,8c1a070baba446762959a70682158553#201206061330_s1_8_frame799.txt,3,0.723705,0.725316,273,337,96,143,0.7812987012987012,5.0
841,8c1a070baba446762959a70682158553#201206061330_s1_8_frame800.txt,3,0.758947,0.761312,270,334,94,140,0.8325791855203618,5.0
842,8c1a070baba446762959a70682158553#201206061330_s1_8_frame802.txt,3,0.662226,0.663955,261,319,89,134,0.8181818181818179,5.0
845,9a6b9ffe9080ad8359f85c47ab5f2b23#201106181650_s5_1_frame0.txt,3,0.53951,0.543877,385,471,145,227,0.8162037037037035,1.0
846,9a6b9ffe9080ad8359f85c47ab5f2b23#201106181650_s5_1_frame128.txt,1,0.744225,0.79397,313,415,168,242,0.8986460348162475,4.0
848,9a6b9ffe9080ad8359f85c47ab5f2b23#201106181650_s5_1_frame196.txt,1,0.637295,0.707306,78,146,99,159,0.8873239436619716,4.0
849,9a6b9ffe9080ad8359f85c47ab5f2b23#201106181650_s5_1_frame197.txt,1,0.808709,0.834435,89,163,111,170,0.9571879224876069,4.0
850,9a6b9ffe9080ad8359f85c47ab5f2b23#201106181650_s5_1_frame200.txt,1,0.662135,0.740825,136,197,145,197,0.8257403189066057,4.0
851,9a6b9ffe9080ad8359f85c47ab5f2b23#201106181650_s5_1_frame280.txt,1,0.25222,0.488345,505,591,327,396,0.9132313829787233,4.0
853,9a6b9ffe9080ad8359f85c47ab5f2b23#201106181650_s5_1_frame281.txt,8,0.380177,0.38494,206,378,312,479,0.8391959798994975,5.0
855,9a6b9ffe9080ad8359f85c47ab5f2b23#201106181650_s5_1_frame281.txt,1,0.746349,0.782415,518,599,337,406,0.7423533083645442,4.0
856,9a6b9ffe9080ad8359f85c47ab5f2b23#201106181650_s5_1_frame34.txt,3,0.255753,0.258886,122,171,17,62,0.784192173576133,5.0
857,9a6b9ffe9080ad8359f85c47ab5f2b23#201106181650_s5_1_frame34.txt,1,0.503279,0.561717,312,468,73,185,0.8932714617169374,4.0
858,9a6b9ffe9080ad8359f85c47ab5f2b23#201106181650_s5_1_frame39.txt,3,0.372238,0.373084,513,568,1,35,0.9473684210526311,5.0
859,9a6b9ffe9080ad8359f85c47ab5f2b23#201106181650_s5_1_frame39.txt,3,0.587347,0.602041,213,267,111,167,2.834260289210233,4.0
860,9a6b9ffe9080ad8359f85c47ab5f2b23#201106181650_s5_1_frame39.txt,1,0.811353,0.819938,458,584,101,186,5.623188405797099,5.0
861,9a6b9ffe9080ad8359f85c47ab5f2b23#201106181650_s5_1_frame40.txt,3,0.578299,0.585014,234,284,131,190,8.703484062268341,4.0
862,9a6b9ffe9080ad8359f85c47ab5f2b23#201106181650_s5_1_frame40.txt,1,0.723972,0.745729,489,607,116,191,0.8512380581009942,4.0
863,9a6b9ffe9080ad8359f85c47ab5f2b23#201106181650_s5_1_frame44.txt,3,0.29424,0.310492,298,346,166,217,0.3693599160545645,4.0
864,9a6b9ffe9080ad8359f85c47ab5f2b23#201106181650_s5_1_frame44.txt,1,0.554501,0.647208,526,630,106,181,0.9258536585365852,4.0
865,9a6b9ffe9080ad8359f85c47ab5f2b23#201106181650_s5_1_frame44.txt,3,0.563033,0.583023,268,312,185,233,0.7741935483870965,5.0
866,9a6b9ffe9080ad8359f85c47ab5f2b23#201106181650_s5_1_frame44.txt,3,0.665691,0.667406,311,355,152,203,0.9586681974741674,4.0
867,9a6b9ffe9080ad8359f85c47ab5f2b23#201106181650_s5_1_frame46.txt,3,0.345509,0.626801,250,320,234,297,1.4285714285714284,4.0
868,9a6b9ffe9080ad8359f85c47ab5f2b23#201106181650_s5_1_frame46.txt,3,0.543714,0.544622,329,371,168,215,0.8542857142857139,5.0
869,9a6b9ffe9080ad8359f85c47ab5f2b23#201106181650_s5_1_frame46.txt,1,0.691233,0.740252,503,623,112,191,0.9163869392737258,4.0
870,9a6b9ffe9080ad8359f85c47ab5f2b23#201106181650_s5_1_frame48.txt,3,0.575904,0.578683,222,274,140,179,1.633004926108374,4.0
871,9a6b9ffe9080ad8359f85c47ab5f2b23#201106181650_s5_1_frame48.txt,1,0.708539,0.728773,481,601,107,204,2.1196347031963465,5.0
872,9a6b9ffe9080ad8359f85c47ab5f2b23#201106181650_s5_1_frame48.txt,3,0.722222,0.72427,265,351,227,294,0.8761963569002778,1.0
873,9a6b9ffe9080ad8359f85c47ab5f2b23#201106181650_s5_1_frame48.txt,3,0.723375,0.725314,330,390,165,209,0.824190350297422,5.0
874,9a6b9ffe9080ad8359f85c47ab5f2b23#201106181650_s5_1_frame50.txt,3,0.284881,0.52565,476,568,119,218,3.7441253263707557,5.0
875,9a6b9ffe9080ad8359f85c47ab5f2b23#201106181650_s5_1_frame50.txt,3,0.502624,0.506417,189,237,117,153,2.2973805855161777,1.0
876,9a6b9ffe9080ad8359f85c47ab5f2b23#201106181650_s5_1_frame50.txt,3,0.636642,0.678378,303,365,224,295,2.7734470158343467,5.0
877,9a6b9ffe9080ad8359f85c47ab5f2b23#201106181650_s5_1_frame50.txt,1,0.666111,0.701728,474,572,119,220,2.6999999999999993,5.0
878,9a6b9ffe9080ad8359f85c47ab5f2b23#201106181650_s5_1_frame50.txt,3,0.696235,0.70274,337,400,156,201,0.9228515624999998,5.0
879,9a6b9ffe9080ad8359f85c47ab5f2b23#201106181650_s5_1_frame52.txt,1,0.364608,0.539204,462,514,179,272,0.7865972674040337,4.0
880,9a6b9ffe9080ad8359f85c47ab5f2b23#201106181650_s5_1_frame52.txt,5,0.39584,0.403353,554,634,148,199,0.4381709741550695,1.0
881,9a6b9ffe9080ad8359f85c47ab5f2b23#201106181650_s5_1_frame52.txt,3,0.424714,0.427039,350,398,151,197,0.9583333333333329,5.0
882,9a6b9ffe9080ad8359f85c47ab5f2b23#201106181650_s5_1_frame52.txt,3,0.648858,0.722566,301,400,229,322,0.8863111282248747,1.0
883,9a6b9ffe9080ad8359f85c47ab5f2b23#201106181650_s5_1_frame54.txt,7,0.298009,0.310268,315,413,254,335,0.7356052804044564,1.0
884,9a6b9ffe9080ad8359f85c47ab5f2b23#201106181650_s5_1_frame54.txt,3,0.441574,0.640179,315,413,256,341,0.7716424894712212,1.0
885,9a6b9ffe9080ad8359f85c47ab5f2b23#201106181650_s5_1_frame54.txt,1,0.49901,0.578514,439,491,209,287,0.8090452261306531,4.0
886,9a6b9ffe9080ad8359f85c47ab5f2b23#201106181650_s5_1_frame61.txt,7,0.447573,0.475426,352,445,275,364,0.7364750423433295,1.0
887,9a6b9ffe9080ad8359f85c47ab5f2b23#201106181650_s5_1_frame61.txt,1,0.686714,0.752046,325,427,218,290,0.818181818181818,4.0
888,9a6b9ffe9080ad8359f85c47ab5f2b23#201106181650_s5_1_frame70.txt,8,0.254449,0.260568,270,334,285,348,0.8999999999999998,4.0
889,9a6b9ffe9080ad8359f85c47ab5f2b23#201106181650_s5_1_frame70.txt,3,0.473881,0.474705,308,356,21,57,1.397849462365591,1.0
890,9a6b9ffe9080ad8359f85c47ab5f2b23#201106181650_s5_1_frame70.txt,3,0.60267,0.609413,113,167,116,159,0.8262874711760182,5.0
891,9a6b9ffe9080ad8359f85c47ab5f2b23#201106181650_s5_1_frame70.txt,1,0.62546,0.690749,269,337,287,347,0.9107142857142855,4.0
892,9a6b9ffe9080ad8359f85c47ab5f2b23#201106181650_s5_1_frame77.txt,3,0.333491,0.336275,384,448,220,362,0.8500837520938022,1.0
893,9a6b9ffe9080ad8359f85c47ab5f2b23#201106181650_s5_1_frame77.txt,3,0.427052,0.428308,372,421,0,39,1.1163541036499292,1.0
902,9c333821ab0e2a9e4c5209065c415309#201102031130_s3_3_frame2.txt,3,0.333698,0.337422,64,212,75,197,0.6531381846693798,5.0
911,c969b3d66925a2387f01fb0a6a9ae06c#201104061510_s4_0_frame100.txt,3,0.35877,0.365103,118,186,115,170,0.8245149911816577,1.0
912,c969b3d66925a2387f01fb0a6a9ae06c#201104061510_s4_0_frame100.txt,3,0.650921,0.654769,154,312,18,153,0.9314918137748102,5.0
913,c969b3d66925a2387f01fb0a6a9ae06c#201104061510_s4_0_frame105.txt,1,0.567957,0.58113,19,209,1,128,0.8761622644614498,5.0
914,c969b3d66925a2387f01fb0a6a9ae06c#201104061510_s4_0_frame12.txt,1,0.304385,0.61943,464,516,156,210,0.794567062818336,9.0
915,c969b3d66925a2387f01fb0a6a9ae06c#201104061510_s4_0_frame12.txt,3,0.389718,0.577366,416,496,8,86,0.3666107382550335,9.0
916,c969b3d66925a2387f01fb0a6a9ae06c#201104061510_s4_0_frame12.txt,9,0.541753,0.560408,464,516,154,212,0.8265476854433907,9.0
917,c969b3d66925a2387f01fb0a6a9ae06c#201104061510_s4_0_frame122.txt,1,0.273916,0.292944,137,324,0,143,0.6843423955723421,5.0
918,c969b3d66925a2387f01fb0a6a9ae06c#201104061510_s4_0_frame122.txt,3,0.400804,0.427202,142,304,0,134,0.8430071862907684,5.0
919,c969b3d66925a2387f01fb0a6a9ae06c#201104061510_s4_0_frame133.txt,3,0.583688,0.586153,474,628,3,120,0.9369151161510514,5.0
920,c969b3d66925a2387f01fb0a6a9ae06c#201104061510_s4_0_frame133.txt,3,0.608426,0.611353,237,379,260,416,0.8098249027237354,5.0
921,c969b3d66925a2387f01fb0a6a9ae06c#201104061510_s4_0_frame134.txt,8,0.440481,0.558515,269,387,273,425,0.9330078346769615,5.0
922,c969b3d66925a2387f01fb0a6a9ae06c#201104061510_s4_0_frame134.txt,3,0.579611,0.581593,492,640,0,110,0.9148734925514306,5.0
923,c969b3d66925a2387f01fb0a6a9ae06c#201104061510_s4_0_frame137.txt,3,0.355657,0.364857,316,401,288,429,0.7531380753138074,5.0
926,c969b3d66925a2387f01fb0a6a9ae06c#201104061510_s4_0_frame187.txt,7,0.270466,0.27448,230,291,245,290,0.6290491118077323,5.0
927,c969b3d66925a2387f01fb0a6a9ae06c#201104061510_s4_0_frame197.txt,3,0.254032,0.261385,330,375,197,257,0.2637655417406749,0.0
932,c969b3d66925a2387f01fb0a6a9ae06c#201104061510_s4_0_frame214.txt,3,0.496379,0.500306,449,593,51,210,0.8479776847977685,5.0
935,c969b3d66925a2387f01fb0a6a9ae06c#201104061510_s4_0_frame215.txt,3,0.54093,0.543946,457,599,45,195,0.8429327771538585,5.0
938,c969b3d66925a2387f01fb0a6a9ae06c#201104061510_s4_0_frame216.txt,3,0.57502,0.577318,452,613,23,167,0.9292929292929293,5.0
939,c969b3d66925a2387f01fb0a6a9ae06c#201104061510_s4_0_frame218.txt,3,0.443711,0.449721,459,641,1,143,0.8857759422554601,5.0
940,c969b3d66925a2387f01fb0a6a9ae06c#201104061510_s4_0_frame218.txt,3,0.625437,0.6316,352,484,132,243,0.8729071537290715,5.0
942,c969b3d66925a2387f01fb0a6a9ae06c#201104061510_s4_0_frame219.txt,3,0.67166,0.672167,364,524,113,226,0.8389963408259279,5.0
943,c969b3d66925a2387f01fb0a6a9ae06c#201104061510_s4_0_frame224.txt,3,0.577967,0.580281,452,640,19,155,0.9032924848663813,5.0
945,c969b3d66925a2387f01fb0a6a9ae06c#201104061510_s4_0_frame255.txt,3,0.257434,0.342076,481,525,156,209,0.8766467065868261,0.0
947,c969b3d66925a2387f01fb0a6a9ae06c#201104061510_s4_0_frame263.txt,3,0.764047,0.764823,278,360,18,75,4.459459459459457,0.0
948,c969b3d66925a2387f01fb0a6a9ae06c#201104061510_s4_0_frame266.txt,3,0.601029,0.67567,319,401,44,112,0.8360448586321275,4.0
949,c969b3d66925a2387f01fb0a6a9ae06c#201104061510_s4_0_frame267.txt,3,0.710047,0.712528,323,386,59,113,2.3936170212765946,0.0
952,c969b3d66925a2387f01fb0a6a9ae06c#201104061510_s4_0_frame284.txt,8,0.268938,0.329016,169,224,150,201,0.8956097560975607,1.0
953,c969b3d66925a2387f01fb0a6a9ae06c#201104061510_s4_0_frame284.txt,3,0.391586,0.530487,169,223,149,198,0.8749999999999998,1.0
958,c969b3d66925a2387f01fb0a6a9ae06c#201104061510_s4_0_frame38.txt,1,0.392866,0.436441,356,536,104,278,0.8766891891891891,4.0
959,c969b3d66925a2387f01fb0a6a9ae06c#201104061510_s4_0_frame41.txt,1,0.475559,0.572585,280,460,14,167,0.8469626168224299,4.0
960,c969b3d66925a2387f01fb0a6a9ae06c#201104061510_s4_0_frame48.txt,9,0.266586,0.380013,519,587,281,332,0.8141447368421051,9.0
961,c969b3d66925a2387f01fb0a6a9ae06c#201104061510_s4_0_frame48.txt,1,0.322358,0.446493,522,587,283,331,0.8387096774193546,9.0
962,c969b3d66925a2387f01fb0a6a9ae06c#201104061510_s4_0_frame48.txt,3,0.55828,0.560493,220,408,125,256,0.8979344783233714,8.0
963,c969b3d66925a2387f01fb0a6a9ae06c#201104061510_s4_0_frame61.txt,3,0.667781,0.669884,372,425,90,141,1.3032258064516125,0.0
966,e5ba61c6ff390be2fbad5f9d7aa8f1d7#201108061200_0_frame139.txt,3,0.260226,0.262629,135,269,92,187,0.7500948047023132,5.0
967,e5ba61c6ff390be2fbad5f9d7aa8f1d7#201108061200_0_frame142.txt,3,0.569426,0.572502,123,261,77,199,0.9004986400725294,5.0
968,e5ba61c6ff390be2fbad5f9d7aa8f1d7#201108061200_0_frame144.txt,3,0.478871,0.486075,113,244,70,193,0.8418082253017434,5.0
969,e5ba61c6ff390be2fbad5f9d7aa8f1d7#201108061200_0_frame146.txt,3,0.453224,0.458953,125,227,65,188,0.8077426866540531,5.0
970,e5ba61c6ff390be2fbad5f9d7aa8f1d7#201108061200_0_frame147.txt,3,0.518947,0.524726,126,222,68,179,0.8100946372239747,5.0
971,e5ba61c6ff390be2fbad5f9d7aa8f1d7#201108061200_0_frame156.txt,3,0.671556,0.698361,64,170,38,143,0.8795637743006163,5.0
972,e5ba61c6ff390be2fbad5f9d7aa8f1d7#201108061200_0_frame181.txt,2,0.703287,0.715967,25,188,179,323,0.950378880469323,5.0
973,e5ba61c6ff390be2fbad5f9d7aa8f1d7#201108061200_0_frame184.txt,2,0.688757,0.740081,83,265,199,344,0.8896322229540019,5.0
974,e5ba61c6ff390be2fbad5f9d7aa8f1d7#201108061200_0_frame185.txt,2,0.726634,0.737584,119,285,195,344,0.8771460994984808,5.0
976,fe16e25855b7fe76e58dd968b328e09b#201104140610_s8_4_frame104.txt,1,0.426546,0.704291,389,488,113,197,0.8798586572438161,9.0
977,fe16e25855b7fe76e58dd968b328e09b#201104140610_s8_4_frame105.txt,3,0.344913,0.5711,373,467,125,200,0.9282092340539096,9.0
978,fe16e25855b7fe76e58dd968b328e09b#201104140610_s8_4_frame105.txt,1,0.369852,0.664467,373,469,123,201,0.9126413155190133,9.0
979,fe16e25855b7fe76e58dd968b328e09b#201104140610_s8_4_frame105.txt,3,0.530929,0.580377,138,214,69,122,0.8186991869918697,1.0
980,fe16e25855b7fe76e58dd968b328e09b#201104140610_s8_4_frame110.txt,1,0.352029,0.63529,318,402,170,236,0.9545454545454544,9.0
981,fe16e25855b7fe76e58dd968b328e09b#201104140610_s8_4_frame110.txt,3,0.391278,0.628048,319,401,168,234,0.8772360575236757,9.0
982,fe16e25855b7fe76e58dd968b328e09b#201104140610_s8_4_frame111.txt,9,0.264186,0.314574,311,385,180,243,0.9538461538461537,9.0
983,fe16e25855b7fe76e58dd968b328e09b#201104140610_s8_4_frame111.txt,1,0.276156,0.538362,312,384,182,242,0.912162162162162,9.0
984,fe16e25855b7fe76e58dd968b328e09b#201104140610_s8_4_frame112.txt,9,0.345403,0.414065,308,364,194,257,0.9090909090909088,9.0
985,fe16e25855b7fe76e58dd968b328e09b#201104140610_s8_4_frame112.txt,1,0.348487,0.544519,308,364,194,254,0.9523809523809521,9.0
986,fe16e25855b7fe76e58dd968b328e09b#201104140610_s8_4_frame129.txt,3,0.47776,0.48148,130,179,68,116,0.9403838301347486,5.0
987,fe16e25855b7fe76e58dd968b328e09b#201104140610_s8_4_frame135.txt,3,0.548339,0.549219,168,220,62,100,0.780876494023904,5.0
988,fe16e25855b7fe76e58dd968b328e09b#201104140610_s8_4_frame141.txt,3,0.301026,0.301515,165,208,26,62,0.8852459016393438,5.0
990,fe16e25855b7fe76e58dd968b328e09b#201104140610_s8_4_frame147.txt,3,0.404332,0.408032,155,202,35,71,0.8870967741935479,5.0
991,fe16e25855b7fe76e58dd968b328e09b#201104140610_s8_4_frame159.txt,3,0.339438,0.342386,541,591,17,56,61.49999999999897,5.0
993,fe16e25855b7fe76e58dd968b328e09b#201104140610_s8_4_frame159.txt,3,0.662208,0.664237,123,174,44,82,0.8936170212765954,5.0
994,fe16e25855b7fe76e58dd968b328e09b#201104140610_s8_4_frame162.txt,3,0.259128,0.261773,426,502,1,49,0.8746145940390543,5.0
995,fe16e25855b7fe76e58dd968b328e09b#201104140610_s8_4_frame162.txt,3,0.563108,0.565148,111,163,44,79,0.7920792079207917,5.0
996,fe16e25855b7fe76e58dd968b328e09b#201104140610_s8_4_frame163.txt,3,0.501757,0.504068,108,156,44,81,0.8078867542972696,5.0
997,fe16e25855b7fe76e58dd968b328e09b#201104140610_s8_4_frame165.txt,3,0.289944,0.321822,518,587,3,69,0.8548571428571428,5.0
998,fe16e25855b7fe76e58dd968b328e09b#201104140610_s8_4_frame166.txt,3,0.521114,0.523939,380,446,0,119,1.032377428307123,5.0
999,fe16e25855b7fe76e58dd968b328e09b#201104140610_s8_4_frame166.txt,3,0.709238,0.710772,539,615,35,98,1.0640394088669949,5.0
1000,fe16e25855b7fe76e58dd968b328e09b#201104140610_s8_4_frame169.txt,3,0.644294,0.645097,305,379,8,122,3.1587651598676945,5.0
1001,fe16e25855b7fe76e58dd968b328e09b#201104140610_s8_4_frame169.txt,3,0.664203,0.667776,576,640,64,112,4.04123711340206,5.0
1002,fe16e25855b7fe76e58dd968b328e09b#201104140610_s8_4_frame171.txt,3,0.250329,0.251288,433,473,191,230,1.2422611036339164,5.0
1003,fe16e25855b7fe76e58dd968b328e09b#201104140610_s8_4_frame171.txt,3,0.37537,0.378742,543,579,120,180,0.8864628820960695,5.0
1004,fe16e25855b7fe76e58dd968b328e09b#201104140610_s8_4_frame171.txt,3,0.469143,0.471458,288,350,0,113,0.8039719626168222,5.0
1005,fe16e25855b7fe76e58dd968b328e09b#201104140610_s8_4_frame171.txt,3,0.718555,0.722927,580,641,59,110,25.916083916083853,5.0
1006,fe16e25855b7fe76e58dd968b328e09b#201104140610_s8_4_frame172.txt,3,0.476048,0.478041,587,637,56,101,0.8336483931947067,5.0
1007,fe16e25855b7fe76e58dd968b328e09b#201104140610_s8_4_frame172.txt,3,0.489952,0.512932,551,589,145,203,3.153846153846153,5.0
1015,fe16e25855b7fe76e58dd968b328e09b#201104140610_s8_4_frame185.txt,3,0.410407,0.412955,205,348,218,453,0.6439899919356507,5.0
1016,fe16e25855b7fe76e58dd968b328e09b#201104140610_s8_4_frame190.txt,7,0.545044,0.55274,97,157,126,162,0.2933263145581096,5.0
1017,fe16e25855b7fe76e58dd968b328e09b#201104140610_s8_4_frame190.txt,3,0.567386,0.572089,204,321,240,414,0.7699231613611416,5.0
1018,fe16e25855b7fe76e58dd968b328e09b#201104140610_s8_4_frame190.txt,3,0.73647,0.751691,365,451,14,83,0.9208666980687705,5.0
1019,fe16e25855b7fe76e58dd968b328e09b#201104140610_s8_4_frame192.txt,1,0.268142,0.449255,408,478,2,74,2.3085501858736057,5.0
1020,fe16e25855b7fe76e58dd968b328e09b#201104140610_s8_4_frame192.txt,3,0.337395,0.353194,446,507,239,278,2.0007939658594673,5.0
1021,fe16e25855b7fe76e58dd968b328e09b#201104140610_s8_4_frame192.txt,3,0.546609,0.5524,201,316,238,394,1.6398721169216712,5.0
1022,fe16e25855b7fe76e58dd968b328e09b#201104140610_s8_4_frame192.txt,7,0.628284,0.662341,80,137,118,155,0.5115649606299212,5.0
1023,fe16e25855b7fe76e58dd968b328e09b#201104140610_s8_4_frame192.txt,3,0.653054,0.664894,405,479,3,75,1.9577811176390214,5.0
1024,fe16e25855b7fe76e58dd968b328e09b#201104140610_s8_4_frame193.txt,3,0.257646,0.265739,461,521,241,280,5.48433048433048,5.0
1025,fe16e25855b7fe76e58dd968b328e09b#201104140610_s8_4_frame193.txt,5,0.461373,0.465812,462,523,244,281,5.429933269780739,5.0
1026,fe16e25855b7fe76e58dd968b328e09b#201104140610_s8_4_frame193.txt,3,0.551271,0.556185,203,309,216,375,4.628164556962024,5.0
1027,fe16e25855b7fe76e58dd968b328e09b#201104140610_s8_4_frame193.txt,7,0.66079,0.66594,69,128,108,146,0.5751081399921352,5.0
1028,fe16e25855b7fe76e58dd968b328e09b#201104140610_s8_4_frame193.txt,3,0.718658,0.72004,425,495,1,67,96.8723404255314,5.0
1029,fe16e25855b7fe76e58dd968b328e09b#201104140610_s8_4_frame195.txt,3,0.314043,0.53602,190,322,163,310,1.09063551070986,5.0
1031,fe16e25855b7fe76e58dd968b328e09b#201104140610_s8_4_frame195.txt,1,0.412193,0.603819,186,322,161,306,1.0185528756957327,5.0
1032,fe16e25855b7fe76e58dd968b328e09b#201104140610_s8_4_frame195.txt,3,0.673567,0.674972,443,513,0,60,1.4520283322601413,5.0
1033,fe16e25855b7fe76e58dd968b328e09b#201104140610_s8_4_frame223.txt,3,0.373482,0.375965,517,576,19,61,0.8535688005886678,5.0
1034,fe16e25855b7fe76e58dd968b328e09b#201104140610_s8_4_frame223.txt,3,0.479434,0.487937,386,480,122,179,0.42358863718087014,5.0
1035,fe16e25855b7fe76e58dd968b328e09b#201104140610_s8_4_frame227.txt,3,0.651823,0.655344,417,491,105,147,0.9056716417910445,1.0
1036,fe16e25855b7fe76e58dd968b328e09b#201104140610_s8_4_frame229.txt,3,0.264919,0.267507,441,511,104,146,0.8577405857740583,1.0
1037,fe16e25855b7fe76e58dd968b328e09b#201104140610_s8_4_frame230.txt,3,0.437908,0.441236,448,516,105,146,0.9210347174948942,1.0
1043,fe16e25855b7fe76e58dd968b328e09b#201104140610_s8_4_frame262.txt,8,0.287428,0.465276,246,292,239,289,0.8531684698608961,9.0
1044,fe16e25855b7fe76e58dd968b328e09b#201104140610_s8_4_frame262.txt,9,0.373442,0.533632,245,293,237,290,0.8421052631578945,9.0
1045,fe16e25855b7fe76e58dd968b328e09b#201104140610_s8_4_frame264.txt,9,0.419026,0.527241,255,303,245,295,0.8838920686835646,9.0
1049,fe16e25855b7fe76e58dd968b328e09b#201104140610_s8_4_frame94.txt,3,0.612968,0.614991,416,461,93,135,0.9777777777777773,5.0
1050,fe16e25855b7fe76e58dd968b328e09b#201104140610_s8_4_frame97.txt,3,0.716326,0.718078,395,450,105,146,0.8645060523233109,5.0
